炉号,钢号,转炉终点温度,转炉终点C,转炉终点Mn,转炉终点S,转炉终点P,转炉终点Si,钢水净重,连铸正样C,连铸正样Mn,连铸正样S,连铸正样P,连铸正样Si,连铸正样Ceq_val,连铸正样Cr,连铸正样Ni_val,连铸正样Cu_val,连铸正样V_val,连铸正样Alt_val,连铸正样Als_val,连铸正样Mo_val,氮化钒铁FeV55N11-A,低铝硅铁,钒氮合金(进口),钒铁(FeV50-A),钒铁(FeV50-B),钒铁(FeV50-B),硅铝钙,硅铝合金FeAl30Si25,硅铝锰合金球,硅锰面（硅锰渣）,硅铁(合格块),硅铁FeSi75-B,石油焦增碳剂,锰硅合金FeMn64Si27(合格块),锰硅合金FeMn68Si18(合格块),碳化硅(55%),硅钙碳脱氧剂
7A06878             ,HRB400B    ,1644,0.00065,0.0011,0.0003,0.00014,0.004,74400,0.0023,0.0133,0.0003,0.00019,0.0033,0.466,0.0027,0.008,0.021,0.033,0.0052,0.0029,0.0026,0,0,10,0,0,32,25,0,0,0,0,0,85,1547,0,88,0
7A06877             ,HRB400B    ,1543,0.00077,0.0011,0.00039,0.00021,0.004,74200,0.0023,0.0137,0.0003,0.00027,0.0038,0.474,0.0033,0.009,0.024,0.031,0.0082,0.0058,0.0029,0,0,4,0,0,40,25,0,0,0,0,0,68,1530,0,132,0
7A06876             ,HRB400B    ,1684,0.00035,0.0011,0.00024,0.0002,0.004,78250,0.0023,0.013,0.00027,0.00021,0.0035,0.463,0.0034,0.009,0.02,0.034,0.0052,0.0029,0.0028,0,0,4,0,0,40,75,0,0,0,0,0,90,0,1450,132,0
7A06875             ,HRB400B    ,1674,0.00048,0.0012,0.00036,0.0003,0.004,73600,0.0022,0.0131,0.00038,0.00026,0.0037,0.454,0.0033,0.009,0.023,0.033,0.0045,0.0023,0.004,0,0,4,0,0,40,50,0,0,0,0,0,85,0,1450,132,0
7A06874             ,HRB400B    ,1800,0.00036,0.0009,0.00028,0.00025,0.004,72400,0.0024,0.0133,0.00027,0.00025,0.0038,0.478,0.0037,0.01,0.019,0.034,0.0048,0.0026,0.0033,0,0,4,0,0,40,75,0,0,0,0,0,90,0,1450,132,0
7A06873             ,HRB400B    ,1660,0.00022,0.0007,0.00038,0.00014,0.004,70350,0.0023,0.0132,0.00035,0.00017,0.0037,0.465,0.0027,0.009,0.023,0.033,0.0041,0.0019,0.0034,0,0,4,0,0,40,75,0,0,0,0,0,90,0,1450,132,0
7A06872             ,HRB400B    ,1654,0.0007,0.0012,0.0002,0.00013,0.004,77800,0.0023,0.0128,0.00035,0.00028,0.0034,0.458,0.003,0.008,0.02,0.032,0.0038,0.0016,0.0019,0,0,5,0,0,41,50,0,0,0,0,0,58,0,1500,132,0
7A06871             ,HRB400B    ,1666,0.00063,0.0014,0.00025,0.00031,0.004,73050,0.0024,0.0134,0.00028,0.00026,0.0038,0.478,0.003,0.009,0.02,0.032,0.0044,0.0022,0.0029,0,0,4,0,0,40,50,0,0,0,0,0,80,0,1450,132,0
7A06870             ,HRB400B    ,1666,0.00106,0.0009,0.00022,0.00012,0.004,74300,0.0022,0.0135,0.00031,0.00028,0.0038,0.46,0.003,0.008,0.02,0.034,0.0068,0.0044,0.0034,0,0,5,0,0,40,25,0,0,0,0,0,58,0,1580,132,0
7A06869             ,HRB400B    ,1658,0.00043,0.0011,0.00028,0.00021,0.004,74850,0.0024,0.0132,0.00028,0.00022,0.0036,0.474,0.0025,0.008,0.018,0.033,0.005,0.0027,0.0022,0,0,5,0,0,41,75,0,0,220,0,0,85,0,1330,132,0
7A06868             ,HRB400B    ,1662,0.0005,0.0016,0.00023,0.0003,0.004,81350,0.0023,0.0136,0.00023,0.00034,0.0037,0.47,0.0026,0.007,0.015,0.031,0.0052,0.0029,0.0026,0,0,5,0,0,42,75,0,0,220,0,0,85,0,1490,132,0
7A06867             ,HRB400B    ,1660,0.00042,0.0013,0.00024,0.00027,0.004,73850,0.0023,0.0135,0.00027,0.00031,0.0037,0.468,0.0023,0.007,0.019,0.033,0.0054,0.0031,0.0026,0,0,5,0,0,40,50,0,0,200,0,0,85,0,1590,132,0
7A06866             ,HRB400B    ,1670,0.00072,0.0015,0.00027,0.00033,0.004,74200,0.0023,0.0135,0.00028,0.00027,0.0037,0.467,0.0021,0.006,0.011,0.033,0.0055,0.0033,0.0025,0,0,4,0,0,40,25,0,0,220,0,0,68,0,1310,0,0
7A06864             ,HRB400B    ,1655,0.00046,0.001,0.00032,0.00041,0.003,70000,0.0022,0.0131,0.0003,0.00031,0.0039,0.452,0.0024,0.007,0.016,0.032,0.0047,0.0024,0.003,0,0,4,0,0,39,75,0,0,0,0,0,85,0,1520,132,0
7A06862             ,HRB400B    ,1651,0.00041,0.0011,0.00037,0.00028,0.003,70000,0.0023,0.0131,0.00037,0.00029,0.0036,0.462,0.0025,0.005,0.015,0.032,0.004,0.0018,0.0027,0,0,5,0,0,40,50,0,0,200,0,0,93,0,1400,132,0
7A06861             ,HRB400B    ,1679,0.0004,0.0013,0.00021,0.00026,0.003,70100,0.0024,0.0136,0.00027,0.00029,0.0037,0.481,0.0027,0.006,0.017,0.033,0.0039,0.0017,0.0031,0,0,4,0,0,38,50,0,0,200,0,0,90,0,1300,132,0
7A06860             ,HRB400B    ,1618,0.00054,0.0012,0.00026,0.00033,0.003,67400,0.0023,0.0131,0.00028,0.00023,0.0036,0.462,0.0022,0.006,0.015,0.035,0.0054,0.0031,0.0039,0,0,7,0,0,44,50,0,0,200,0,0,102,0,1450,132,0
7A06859             ,HRB400B    ,1643,0.00067,0.0011,0.00031,0.00019,0.004,64700,0.0024,0.0129,0.00032,0.0002,0.0037,0.469,0.0025,0.005,0.017,0.033,0.0044,0.0022,0.0033,0,0,4,0,0,40,25,0,0,200,0,0,75,0,1270,132,0
7A06858             ,HRB400B    ,1662,0.00067,0.0012,0.00038,0.00021,0.004,69800,0.0023,0.0131,0.00033,0.00035,0.0036,0.462,0.0026,0.007,0.014,0.034,0.0039,0.0017,0.0033,0,0,7,0,0,44,25,0,0,200,0,0,75,0,1430,132,0
7A06857             ,HRB400B    ,1661,0.00067,0.0014,0.00035,0.00035,0.003,63300,0.0023,0.013,0.00029,0.00023,0.0037,0.46,0.0024,0.006,0.018,0.033,0.0043,0.0021,0.0034,0,0,4,0,0,40,25,0,0,200,0,0,75,0,1280,132,0
7A06856             ,HRB400B    ,1646,0.00067,0.0011,0.00035,0.00028,0.004,70100,0.0022,0.0129,0.00037,0.00029,0.0037,0.449,0.0027,0.005,0.015,0.033,0.0046,0.0023,0.0031,0,0,4,0,0,40,0,0,0,200,0,0,70,0,1340,132,0
7A06855             ,HRB400B    ,1645,0.00068,0.0014,0.00026,0.00032,0.003,67500,0.0022,0.0131,0.00039,0.00025,0.0038,0.452,0.0025,0.006,0.017,0.032,0.1953,0.1559,0.0036,0,0,4,0,0,40,25,0,0,200,0,0,68,0,1330,132,0
7A06854             ,HRB400B    ,1642,0.00034,0.001,0.00034,0.00022,0.003,70000,0.0024,0.013,0.00037,0.00026,0.0037,0.47,0.0025,0.005,0.015,0.032,0.004,0.0018,0.0032,0,0,4,0,0,40,50,0,0,200,0,0,93,0,1300,132,0
7A06853             ,HRB400B    ,1648,0.00097,0.0015,0.00018,0.00029,0.003,68400,0.0024,0.0133,0.00035,0.00019,0.0039,0.476,0.0024,0.008,0.017,0.034,0.0047,0.0025,0.0031,0,0,4,0,0,38,25,0,0,200,0,0,51,0,1230,132,0
7A06852             ,HRB400B    ,1662,0.00067,0.0011,0.00041,0.00027,0.002,62900,0.0023,0.013,0.00038,0.00022,0.0037,0.46,0.0023,0.007,0.016,0.032,0.0044,0.0022,0.0028,0,0,4,0,0,40,50,0,0,200,0,0,68,0,1310,132,0
7A06851             ,HRB400B    ,1689,0.00138,0.0011,0.00016,0.00021,0.002,63500,0.0024,0.0133,0.00031,0.00022,0.0037,0.474,0.0021,0.005,0.013,0.032,0.0045,0.0023,0.0034,0,0,4,0,0,40,0,0,0,200,0,0,34,0,1300,132,20
7A06850             ,HRB400B    ,1660,0.00065,0.0008,0.00029,0.00015,0.002,66400,0.0024,0.013,0.00032,0.0002,0.0036,0.47,0.0024,0.008,0.01,0.033,0.0044,0.0022,0.0027,0,0,4,0,0,38,25,0,0,200,0,0,75,0,1250,132,0
7A06849             ,HRB400B    ,1652,0.00071,0.0009,0.0003,0.00024,0.003,71500,0.0024,0.0134,0.00032,0.00025,0.0036,0.476,0.0023,0.008,0.01,0.031,0.0038,0.0016,0.0023,0,0,10,0,0,32,25,0,0,200,0,0,68,0,1350,132,0
7A06848             ,HRB400B    ,1707,0.00085,0.0013,0.00028,0.00022,0.003,72800,0.0023,0.0135,0.00032,0.00034,0.004,0.468,0.0022,0.006,0.013,0.034,0.0055,0.0032,0.0021,0,0,11,0,0,33,0,0,0,0,0,0,51,1553,0,132,20
7A06847             ,HRB400B    ,1668,0.00066,0.0009,0.00036,0.00024,0.002,70000,0.0023,0.0132,0.00032,0.00029,0.0035,0.462,0.0018,0.006,0.012,0.034,0.0056,0.0033,0.0024,0,0,10,0,0,32,25,0,0,0,0,0,68,1545,0,132,0
7A06846             ,HRB400B    ,1677,0.00034,0.0007,0.00043,0.00028,0.002,70600,0.0024,0.0135,0.0003,0.00025,0.0036,0.478,0.002,0.006,0.013,0.034,0.004,0.0018,0.0023,0,0,10,0,0,32,50,0,0,0,0,0,85,1508,0,132,0
7A06845             ,HRB400B    ,1689,0.0007,0.0011,0.00039,0.00032,0.002,74400,0.0023,0.013,0.00032,0.00029,0.0036,0.459,0.0022,0.005,0.012,0.033,0.0055,0.0032,0.0027,0,0,10,0,0,32,25,0,0,0,0,0,68,1496,0,132,0
7A06836             ,HRB400B    ,1651,0.0003,0.0005,0.00043,0.00016,0.003,71750,0.0023,0.0135,0.00035,0.00029,0.0038,0.469,0.0017,0.01,0.025,0.038,0.0053,0.003,0.0035,0,0,4,0,0,40,75,0,0,0,0,0,85,0,1450,132,0
7A06835             ,HRB400B    ,1648,0.00066,0.0011,0.00029,0.00021,0.004,74750,0.0024,0.0128,0.0003,0.00022,0.0036,0.465,0.002,0.004,0.01,0.033,0.004,0.0017,0.0022,0,0,4,0,0,40,25,0,0,0,0,0,68,0,1450,132,0
7A06834             ,HRB400B    ,1677,0.00073,0.0013,0.00028,0.00032,0.003,71700,0.0024,0.0135,0.00028,0.00024,0.0037,0.477,0.0017,0.005,0.018,0.032,0.0045,0.0023,0.0023,0,0,4,0,0,40,25,0,0,0,0,0,68,0,1480,132,0
7A06833             ,HRB400B    ,1656,0.00054,0.0014,0.00036,0.00033,0.002,76100,0.0023,0.0134,0.00038,0.00032,0.0036,0.465,0.002,0.005,0.011,0.033,0.0051,0.0028,0.0021,0,0,32,0,0,0,50,0,0,0,0,0,80,0,1530,132,0
7A06832             ,HRB400B    ,1672,0.00049,0.0014,0.00037,0.00027,0.003,72250,0.0023,0.0128,0.00026,0.00018,0.0035,0.454,0.0012,0.006,0.011,0.033,0.0053,0.003,0.0024,0,0,31,0,0,0,50,0,0,0,0,0,85,0,1540,132,0
7A06829             ,HRB400B    ,1678,0.00033,0.0009,0.00026,0.00016,0.003,72600,0.0022,0.0132,0.00028,0.0002,0.0036,0.451,0.0017,0.006,0.011,0.033,0.0056,0.0033,0.0027,0,0,5,0,0,38,50,0,0,0,0,0,85,0,1460,132,0
7A06828             ,HRB400B    ,1640,0.00101,0.001,0.00035,0.00012,0.002,70500,0.0023,0.0134,0.00027,0.00016,0.0038,0.465,0.0016,0.005,0.01,0.034,0.0052,0.003,0.0034,0,0,5,0,0,38,0,0,0,0,0,0,51,0,1450,132,20
7A06827             ,HRB400B    ,1651,0.00072,0.0006,0.00036,0.0001,0.002,70450,0.0024,0.0129,0.00032,0.00017,0.0035,0.466,0.0014,0.006,0.011,0.034,0.0053,0.0031,0.0026,0,0,5,0,0,38,25,0,0,0,0,0,68,0,1440,132,0
7A06826             ,HRB400B    ,1656,0.00076,0.0007,0.00044,0.00012,0.002,71150,0.0023,0.0127,0.00033,0.00014,0.0035,0.453,0.0016,0.006,0.01,0.034,0.0046,0.0024,0.0023,0,0,5,0,0,28,25,0,0,0,0,0,68,0,1460,132,0
7A06825             ,HRB400B    ,1661,0.00069,0.0007,0.00033,0.00016,0.002,69950,0.0023,0.0133,0.00033,0.0002,0.0037,0.463,0.0015,0.005,0.01,0.033,0.0055,0.0032,0.0035,0,0,10,0,0,30,25,0,0,0,0,0,68,0,1500,132,0
7A06824             ,HRB400B    ,1667,0.00073,0.001,0.00025,0.00019,0.003,70300,0.0023,0.0133,0.00035,0.00023,0.0035,0.463,0.0016,0.004,0.011,0.031,0.005,0.0027,0.0022,0,0,10,0,0,30,25,0,0,0,0,0,51,0,1400,132,0
7A06823             ,HRB400B    ,1693,0.00072,0.001,0.00026,0.0002,0.003,69250,0.0024,0.0135,0.00027,0.00021,0.0039,0.478,0.002,0.004,0.01,0.034,0.0059,0.0036,0.0052,0,0,32,0,0,0,25,0,0,0,0,0,68,0,1420,132,0
7A06822             ,HRB400B    ,1656,0.00108,0.0013,0.00023,0.00033,0.003,75200,0.0024,0.0133,0.00028,0.00029,0.0037,0.473,0.0021,0.005,0.01,0.03,0.0047,0.0024,0.0022,0,0,10,0,0,30,0,0,0,0,0,0,51,0,1430,132,20
7A06821             ,HRB400B    ,1672,0.00077,0.0007,0.00024,0.00016,0.003,72300,0.0024,0.0134,0.00028,0.00024,0.0035,0.476,0.0023,0.005,0.011,0.033,0.0057,0.0034,0.0027,0,0,10,0,0,30,25,0,0,0,0,0,51,0,1460,132,0
7A06820             ,HRB400B    ,1647,0.0008,0.0006,0.00032,0.00013,0.003,70400,0.0023,0.0133,0.00034,0.00018,0.0038,0.466,0.0026,0.006,0.015,0.035,0.0047,0.0025,0.004,0,0,10,0,0,30,25,0,0,0,0,0,51,0,1460,132,0
7A06819             ,HRB400B    ,1677,0.00077,0.0008,0.00025,0.00023,0.003,70450,0.0023,0.0131,0.00025,0.00024,0.0035,0.461,0.002,0.005,0.012,0.033,0.0045,0.0023,0.0026,0,0,10,0,0,30,25,0,0,200,0,0,54,0,1260,132,0
7A06818             ,HRB400B    ,1683,0.00086,0.0009,0.00023,0.00021,0.003,75200,0.0024,0.0131,0.00024,0.00024,0.0036,0.471,0.0022,0.005,0.011,0.033,0.0052,0.0029,0.0026,0,0,10,0,0,30,25,0,0,200,0,0,51,0,1300,132,0
7A06817             ,HRB400B    ,1618,0.00093,0.0006,0.00037,0.00016,0.003,71700,0.0024,0.0129,0.00033,0.00019,0.0035,0.466,0.0018,0.005,0.012,0.034,0.0046,0.0024,0.0026,0,0,10,0,0,30,25,0,0,200,0,0,68,0,1280,132,0
7A06816             ,HRB400B    ,1805,0.00077,0.0011,0.00027,0.00027,0.003,74050,0.0023,0.0131,0.00029,0.00029,0.0035,0.461,0.0023,0.005,0.011,0.031,0.0046,0.0024,0.0025,0,0,10,0,0,30,25,0,0,200,0,0,51,0,1280,132,0
7A06815             ,HRB400B    ,1672,0.00076,0.0008,0.00029,0.00018,0.003,72000,0.0024,0.0131,0.00031,0.00021,0.0036,0.47,0.0018,0.005,0.011,0.031,0.004,0.0018,0.0025,0,0,9,0,0,29,25,0,0,200,0,0,54,0,1270,132,0
7A06814             ,HRB400B    ,1647,0.00042,0.0009,0.00025,0.00019,0.003,72900,0.0023,0.0133,0.00034,0.00024,0.0036,0.465,0.0023,0.006,0.012,0.033,0.0051,0.0028,0.0027,0,0,10,0,0,30,50,0,0,200,0,0,95,0,1330,88,0
7A06813             ,HRB400B    ,1659,0.0008,0.0012,0.00024,0.00026,0.003,73150,0.0024,0.0135,0.00028,0.00029,0.0036,0.478,0.0023,0.006,0.011,0.033,0.0046,0.0023,0.0026,0,0,10,0,0,32,25,0,0,200,0,0,75,0,1300,88,0
7A06812             ,HRB400B    ,1672,0.00059,0.0011,0.00025,0.00025,0.003,74000,0.0023,0.0138,0.00027,0.00029,0.0036,0.474,0.0025,0.006,0.013,0.034,0.0041,0.0019,0.0036,0,0,10,0,0,32,50,0,0,200,0,0,90,0,1370,88,0
7A06811             ,HRB400B    ,1657,0.00052,0.0009,0.00023,0.00018,0.003,75650,0.0024,0.0134,0.00028,0.00023,0.0039,0.475,0.0021,0.005,0.012,0.033,0.0047,0.0025,0.0029,0,0,10,0,0,33,50,0,0,200,0,0,93,0,1340,88,0
7A06810             ,HRB400B    ,1687,0.00119,0.0014,0.00026,0.00021,0.003,68300,0.0023,0.0132,0.00024,0.00025,0.0035,0.462,0.002,0.006,0.01,0.033,0.0052,0.0029,0.0028,0,0,10,0,0,30,0,0,0,200,0,0,40,0,1300,88,20
7A06809             ,HRB400B    ,1664,0.00104,0.0014,0.00022,0.00021,0.003,72800,0.0022,0.0132,0.00025,0.00026,0.0035,0.453,0.0022,0.006,0.012,0.035,0.0047,0.0025,0.003,0,0,10,0,0,30,0,0,0,200,0,0,51,0,1270,88,20
7A06808             ,HRB400B    ,1669,0.00069,0.0014,0.00024,0.00026,0.003,72000,0.0023,0.0134,0.00027,0.0003,0.0034,0.467,0.0024,0.006,0.012,0.036,0.0038,0.0016,0.0031,0,0,10,0,0,31,25,0,0,200,0,0,80,0,1260,88,0
7A06807             ,HRB400B    ,1669,0.00071,0.0013,0.00033,0.00027,0.003,72150,0.0022,0.0133,0.00027,0.0003,0.0034,0.455,0.0025,0.007,0.011,0.034,0.0046,0.0023,0.0028,0,0,10,0,0,30,25,0,0,200,0,0,80,0,1300,88,0
7A06805             ,HRB400B    ,1675,0.0006,0.0011,0.00027,0.00021,0.003,71050,0.0023,0.0135,0.00027,0.00025,0.0035,0.467,0.0021,0.005,0.011,0.033,0.0048,0.0025,0.0025,10,0,0,0,0,31,25,0,0,200,0,0,85,0,1300,88,0
7A06804             ,HRB400B    ,1663,0.001,0.0016,0.00028,0.0002,0.004,71500,0.0022,0.0133,0.00032,0.00021,0.0035,0.455,0.0024,0.009,0.012,0.034,0.0051,0.0028,0.0028,0,0,10,0,0,31,0,0,0,200,0,0,51,0,1300,88,20
7A06802             ,HRB400B    ,1657,0.00069,0.0008,0.00032,0.00012,0.003,77900,0.0022,0.0134,0.00031,0.0002,0.0035,0.456,0.0018,0.007,0.011,0.035,0.0051,0.0028,0.0023,0,0,11,0,0,33,25,0,0,200,0,0,75,0,1330,88,0
7A06801             ,HRB400B    ,1651,0.00078,0.0014,0.00036,0.00034,0.003,67050,0.0024,0.0139,0.00026,0.00017,0.0038,0.484,0.0019,0.005,0.011,0.034,0.0049,0.0027,0.0026,0,0,10,0,0,30,25,0,0,200,0,0,68,0,1310,88,0
7A06800             ,HRB400B    ,1624,0.00053,0.0009,0.00031,0.00018,0.003,74050,0.0023,0.013,0.00028,0.00018,0.0033,0.458,0.0017,0.005,0.011,0.033,0.0051,0.0029,0.0018,0,0,10,0,0,32,50,0,0,200,0,0,102,0,1320,88,0
7A06799             ,HRB400B    ,1669,0.0014,0.001,0.00023,0.00026,0.003,73100,0.0023,0.0137,0.00026,0.00028,0.0037,0.471,0.0021,0.01,0.012,0.035,0.0068,0.0042,0.0016,0,0,10,0,0,32,0,0,0,300,0,0,34,1278,0,88,20
7A06798             ,HRB400B    ,1673,0.00063,0.0011,0.00024,0.00025,0.002,73850,0.0023,0.013,0.00029,0.00029,0.0034,0.458,0.0019,0.005,0.011,0.033,0.0053,0.0033,0,0,0,10,0,0,33,25,0,0,300,0,0,85,0,1200,88,0
7A06797             ,HRB400B    ,1682,0.00097,0.0007,0.00026,0.00017,0.002,75150,0.0023,0.0131,0.00027,0.00027,0.0034,0.46,0.0018,0.006,0.012,0.033,0.0062,0.0039,0.0017,0,0,11,0,0,33,0,0,0,300,0,0,51,0,1270,88,20
7A06796             ,HRB400B    ,1672,0.00071,0.0012,0.00021,0.00018,0.002,75900,0.0023,0.0131,0.00028,0.00022,0.0036,0.46,0.0017,0.007,0.011,0.034,0.0065,0.004,0.0005,0,0,12,0,0,33,25,0,0,300,0,0,85,1285,0,88,0
7A06795             ,HRB400B    ,1679,0.00061,0.0011,0.00033,0.00029,0.002,74000,0.0024,0.0133,0.00032,0.00029,0.0035,0.474,0.0023,0.009,0.009,0.034,0.0064,0.004,0.001,0,0,10,0,0,32,25,0,0,300,0,0,85,1215,0,88,0
7A06794             ,HRB400B    ,1682,0.00067,0.001,0.00038,0.00013,0.002,70450,0.0023,0.0129,0.00034,0.0002,0.0035,0.457,0.0019,0.009,0.009,0.034,0.0064,0.004,0.0002,0,0,10,0,0,30,25,0,0,300,0,0,51,1124,0,88,0
7A06793             ,HRB400B    ,1682,0.00082,0.0006,0.00031,0.00014,0.002,75500,0.0023,0.0131,0.00031,0.00023,0.0034,0.46,0.0018,0.007,0.01,0.034,0.0057,0.0036,0,0,0,10,0,0,30,0,0,0,300,0,0,68,0,1213,88,20
7A06792             ,HRB400B    ,1689,0.00092,0.0012,0.00028,0.00027,0.002,75500,0.0024,0.0134,0.00028,0.00028,0.0033,0.475,0.0017,0.006,0.012,0.035,0.0058,0.0036,0,0,0,11,0,0,32,0,0,0,300,0,0,51,0,1220,88,20
7A06791             ,HRB400B    ,1667,0.00069,0.001,0.00022,0.00016,0.002,77700,0.0023,0.0128,0.0003,0.00025,0.0033,0.454,0.0015,0.007,0.01,0.034,0.0051,0.0032,0,0,0,11,0,0,32,25,0,0,300,0,0,68,1230,0,88,0
7A06790             ,HRB400B    ,1656,0.0004,0.0008,0.00029,0.00011,0.002,73600,0.0024,0.013,0.0003,0.00018,0.0034,0.468,0.0014,0.006,0.011,0.034,0.0053,0.0033,0.0003,0,0,11,0,0,32,50,0,0,300,0,0,85,1226,0,88,0
7A06789             ,HRB400B    ,1647,0.00042,0.0008,0.00029,0.00016,0.003,74250,0.0023,0.0129,0.00032,0.00021,0.0035,0.457,0.0018,0.008,0.012,0.036,0.0056,0.0035,0.0015,0,0,11,0,0,32,25,0,0,300,0,0,68,1252,0,88,0
7A06788             ,HRB400B    ,1720,0.00035,0.0009,0.00025,0.00026,0.002,73200,0.0024,0.0133,0.00027,0.00025,0.0037,0.473,0.0015,0.009,0.011,0.036,0.0065,0.004,0.0011,0,0,32,0,0,0,50,0,0,0,0,0,102,1544,0,88,0
7A06787             ,HRB400B    ,1655,0.00061,0.0009,0.00028,0.00016,0.002,74700,0.0024,0.0134,0.00029,0.0002,0.0038,0.474,0.0016,0.006,0.011,0.032,0.0053,0.0033,0,0,0,9,0,0,29,25,0,0,200,0,0,68,0,1260,132,0
7A06786             ,HRB400B    ,1638,0.00101,0.0006,0.00044,0.00011,0.002,70800,0.0023,0.0131,0.00031,0.00015,0.0037,0.458,0.0014,0.001,0.011,0.032,0.0065,0.0041,0.0002,0,0,9,0,0,28,25,0,0,200,0,0,51,0,1320,132,0
7A06785             ,HRB400B    ,1678,0.00076,0.0009,0.00027,0.00015,0.003,68500,0.0023,0.0132,0.00032,0.00021,0.0039,0.46,0.0015,0,0.009,0.032,0.0052,0.0033,0,0,0,9,0,0,28,25,0,0,200,0,0,68,0,1200,132,0
7A06784             ,HRB400B    ,1664,0.00075,0.0011,0.00029,0.00022,0.003,72900,0.0022,0.0132,0.00026,0.00023,0.0038,0.451,0.0015,0,0.012,0.033,0.0054,0.0034,0,0,0,4,0,0,38,25,0,0,200,0,0,68,0,1290,132,0
7A06783             ,HRB400B    ,1687,0.00078,0.0013,0.00026,0.00033,0.003,74000,0.0022,0.0133,0.00025,0.0003,0.0037,0.453,0.002,0,0.012,0.035,0.0052,0.0032,0.0001,0,0,4,0,0,38,25,0,0,200,0,0,51,0,1290,132,0
7A06782             ,HRB400B    ,1671,0.00094,0.0012,0.00023,0.00028,0.003,72500,0.0024,0.0132,0.00025,0.00026,0.0038,0.471,0.0016,0,0.012,0.034,0.0063,0.0039,0,0,0,4,0,0,38,0,0,0,200,0,0,51,0,1270,132,20
7A06781             ,HRB400B    ,1667,0.00077,0.0012,0.00034,0.00032,0.005,72850,0.0024,0.0131,0.00034,0.00033,0.0038,0.47,0.002,0,0.01,0.035,0.0053,0.0033,0,0,0,4,0,0,39,25,0,0,200,0,0,68,0,1290,132,0
7A06780             ,HRB400B    ,1670,0.0008,0.0011,0.00023,0.00017,0.003,74200,0.0024,0.0134,0.00027,0.00023,0.0037,0.475,0.0017,0.002,0.01,0.034,0.006,0.0037,0,0,0,4,0,0,39,25,0,0,200,0,0,51,0,1300,132,0
7A06779             ,HRB400B    ,1679,0.00076,0.0013,0.00024,0.00021,0.003,73800,0.0022,0.0132,0.00024,0.00025,0.0035,0.451,0.0019,0,0.01,0.035,0.0057,0.0036,0,0,0,4,0,0,39,25,0,0,200,0,0,68,0,1280,132,0
7A06778             ,HRB400B    ,1654,0.0007,0.0007,0.0004,0.00012,0.003,75400,0.0023,0.0128,0.00033,0.00017,0.0035,0.453,0.0013,0.001,0.01,0.035,0.0079,0.005,0,0,0,32,0,0,0,50,0,0,200,0,0,68,0,1320,132,0
7A06777             ,HRB400B    ,1687,0.00076,0.0011,0.00021,0.00021,0.003,70300,0.0021,0.014,0.00024,0.00028,0.0045,0.455,0.0016,0,0.01,0.035,0.0059,0.0037,0.0003,0,0,31,0,0,0,25,0,0,200,0,0,68,0,1320,132,0
7A06776             ,HRB400B    ,1705,0.00076,0.0013,0.00017,0.00032,0.003,64200,0.0022,0.014,0.00022,0.00035,0.0044,0.465,0.0019,0,0.01,0.036,0.0073,0.0045,0.0004,0,0,33,0,0,0,25,0,0,200,0,0,68,0,1400,132,0
7A06775             ,HRB400B    ,1653,0.00078,0.001,0.0002,0.00021,0.003,71750,0.0023,0.0137,0.00021,0.00024,0.0041,0.47,0.0017,0.001,0.011,0.035,0.0069,0.0043,0.0011,0,0,32,0,0,0,25,0,0,200,0,0,68,0,1340,132,0
7A06774             ,HRB400B    ,1694,0.00038,0.0011,0.00017,0.00023,0.003,71450,0.0023,0.0137,0.00022,0.00033,0.0037,0.469,0.0013,0.002,0.01,0.037,0.0061,0.0038,0.0007,0,0,32,0,0,0,0,75,0,0,0,0,85,0,1620,132,0
7A06773             ,HRB400B    ,1639,0.00063,0.001,0.00022,0.00018,0.003,72050,0.0022,0.013,0.00024,0.00021,0.0038,0.448,0.0017,0.002,0.011,0.034,0.0055,0.0034,0.0012,0,0,4,0,0,39,25,0,0,200,0,0,75,0,1260,132,0
7A06772             ,HRB400B    ,1652,0.00063,0.0011,0.00024,0.00036,0.003,71500,0.0023,0.013,0.00029,0.00035,0.0037,0.459,0.002,0.002,0.011,0.035,0.066,0.0549,0.0022,0,0,4,0,0,39,50,0,0,200,0,0,75,0,1220,132,0
7A06771             ,HRB400B    ,1645,0.0006,0.0008,0.00027,0.00023,0.003,73400,0.0023,0.0136,0.00028,0.00023,0.0038,0.47,0.0023,0.006,0.012,0.032,0.004,0.0018,0.0037,0,0,4,0,0,40,50,0,0,200,0,0,75,0,1330,132,0
7A06770             ,HRB400B    ,1641,0.00051,0.0007,0.00025,0.00014,0.003,68100,0.0024,0.0128,0.00028,0.00017,0.0036,0.466,0.0017,0.005,0.011,0.033,0.0051,0.0028,0.0034,0,0,4,0,0,41,50,0,0,200,0,0,85,0,1330,132,0
7A06769             ,HRB400B    ,1682,0.00065,0.0011,0.00022,0.0003,0.003,74850,0.0022,0.013,0.00025,0.00031,0.0035,0.455,0.0028,0.02,0.015,0.032,0.004,0.0018,0.0131,0,0,4,0,0,40,25,0,0,200,0,0,75,0,1310,132,0
7A06768             ,HRB400B    ,1658,0.0007,0.001,0.00025,0.00035,0.003,74550,0.0023,0.0134,0.00028,0.00031,0.0037,0.466,0.0021,0.004,0.01,0.032,0.005,0.0028,0.0032,0,0,4,0,0,41,25,0,0,200,0,0,68,0,1340,132,0
7A06766             ,HRB400B    ,1688,0.00075,0.0012,0.00024,0.00035,0,63500,0.0022,0.0133,0.00024,0.00035,0.0037,0.455,0.0024,0.005,0.011,0.031,0.0046,0.0024,0.0034,0,0,4,0,0,40,25,0,0,200,0,0,68,0,1300,132,0
7A06765             ,HRB400B    ,1666,0.0006,0.0009,0.00026,0.00018,0.003,73350,0.0023,0.0129,0.00026,0.00021,0.0037,0.457,0.0021,0.004,0.01,0.032,0.0044,0.0022,0.0026,0,0,4,0,0,40,25,0,0,200,0,0,95,0,1300,132,0
7A06763             ,HRB400B    ,1648,0.00053,0.0009,0.00023,0.00013,0.003,75800,0.0023,0.0131,0.00027,0.00019,0.0037,0.46,0.0018,0.004,0.01,0.032,0.0046,0.0024,0.0029,0,0,4,0,0,40,50,0,0,200,0,0,80,0,1300,132,0
7A06761             ,HRB400B    ,1803,0.0004,0.0008,0.00025,0.00016,0.003,77200,0.0023,0.0129,0.0003,0.00022,0.0036,0.457,0.002,0.005,0.01,0.032,0.004,0.0018,0.0035,0,0,5,0,0,41,50,0,0,200,0,0,90,0,1300,132,0
7A06760             ,HRB400B    ,1802,0.00034,0.0008,0.00027,0.00022,0.003,71900,0.0023,0.0129,0.0003,0.00024,0.0037,0.457,0.0019,0.005,0.01,0.032,0.0053,0.003,0.0031,0,0,4,0,0,39,50,0,0,200,0,0,92,0,1300,132,0
7A06759             ,HRB400B    ,1645,0.0004,0.0011,0.00033,0.00037,0.003,72200,0.0023,0.013,0.00029,0.00022,0.0035,0.458,0.0018,0.004,0.01,0.032,0.0038,0.0016,0.0027,0,0,4,0,0,39,50,0,0,200,0,0,93,0,1300,132,0
7A06758             ,HRB400B    ,1665,0.00077,0.0011,0.00029,0.00015,0.003,72050,0.0024,0.0129,0.00031,0.00022,0.0037,0.467,0.0019,0.005,0.011,0.032,0.0047,0.0024,0.0031,0,0,4,0,0,39,25,0,0,0,0,0,68,1460,0,88,0
7A06757             ,HRB400B    ,1655,0.00073,0.0012,0.00027,0.00024,0.003,75100,0.0023,0.013,0.00027,0.00023,0.0038,0.459,0.002,0.005,0.011,0.033,0.0054,0.0031,0.0028,0,0,5,0,0,40,25,0,0,0,0,0,68,1503,0,88,0
7A06756             ,HRB400B    ,1651,0.00063,0.0013,0.00026,0.00025,0.003,74350,0.0024,0.0139,0.00028,0.00028,0.004,0.484,0.0022,0.005,0.012,0.032,0.0085,0.0061,0.0025,0,0,32,0,0,0,0,50,0,0,0,0,68,1596,0,132,0
7A06755             ,HRB400B    ,1672,0.001,0.0014,0.00025,0.0002,0.003,74250,0.0024,0.0134,0.00028,0.00027,0.0039,0.475,0.0019,0.004,0.009,0.032,0.0081,0.0057,0.0025,0,0,31,0,0,0,0,25,0,0,0,0,34,1534,0,132,0
7A06754             ,HRB400B    ,1678,0.00086,0.0016,0.00027,0.00029,0.003,75800,0.0023,0.0128,0.00027,0.00028,0.0035,0.455,0.002,0.005,0.01,0.032,0.004,0.0018,0.0027,0,0,5,0,0,40,0,0,0,0,0,0,68,1538,0,88,20
7A06753             ,HRB400B    ,1679,0.00091,0.0012,0.00021,0.0003,0.003,78800,0.0024,0.0128,0.00026,0.00025,0.0035,0.465,0.0019,0.006,0.01,0.032,0.0081,0.0057,0.0022,0,0,5,0,0,42,0,0,0,0,0,0,51,1547,0,132,20
7A06752             ,HRB400B    ,1673,0.00083,0.0012,0.0003,0.00026,0.003,68150,0.0024,0.0129,0.00029,0.00027,0.0037,0.467,0.0021,0.005,0.011,0.032,0.0051,0.0028,0.0026,0,0,4,0,0,36,0,0,0,0,0,0,51,0,1348,132,20
7A06751             ,HRB400B    ,1675,0.00065,0.0009,0.00024,0.00017,0.003,75300,0.0023,0.0137,0.00032,0.00021,0.0042,0.471,0.0022,0.007,0.01,0.033,0.0039,0.0017,0.0033,0,0,31,0,0,0,0,50,0,0,0,0,85,0,1539,132,0
7A06750             ,HRB400B    ,1691,0.00074,0.0012,0.00024,0.00024,0.003,74300,0.0022,0.0136,0.00034,0.00028,0.004,0.46,0.0025,0.007,0.009,0.032,0.005,0.0027,0.003,0,0,31,0,0,0,25,0,0,0,0,0,68,0,1470,88,0
7A06749             ,HRB400B    ,1661,0.00099,0.0011,0.0003,0.0002,0.002,76150,0.0024,0.013,0.00034,0.00024,0.0035,0.469,0.0023,0.008,0.011,0.032,0.0039,0.0017,0.0025,0,0,5,0,0,41,0,0,0,0,0,0,51,0,1531,88,20
7A06748             ,HRB400B    ,1678,0.00033,0.0008,0.00029,0.00017,0.002,73500,0.0024,0.0132,0.00029,0.00025,0.0033,0.473,0.0021,0.005,0.014,0.034,0.0048,0.0025,0.0035,0,0,5,0,0,40,25,0,0,0,0,0,68,0,1515,88,0
7A06747             ,HRB400B    ,1676,0.00039,0.0009,0.00026,0.00025,0.002,75200,0.0023,0.0135,0.00028,0.00031,0.0035,0.467,0.002,0.006,0.012,0.033,0.0046,0.0024,0.0031,0,0,5,0,0,40,50,0,0,0,0,0,85,0,1600,88,0
7A06746             ,HRB400B    ,1672,0.00033,0.0009,0.00024,0.0003,0.002,75950,0.0022,0.0134,0.00028,0.00031,0.0037,0.456,0.0023,0.006,0.013,0.033,0.0045,0.0023,0.0032,0,0,5,0,0,41,50,0,0,0,0,0,102,0,1539,88,0
7A06745             ,HRB400B    ,1715,0.00022,0.0007,0.00026,0.0003,0.003,70050,0.0022,0.0129,0.00029,0.00032,0.0036,0.447,0.002,0.005,0.014,0.033,0.0045,0.0022,0.0028,0,0,30,0,0,0,50,0,0,0,0,0,102,0,1441,88,0
7A06744             ,HRB400B    ,1629,0.00051,0.001,0.00028,0.00033,0.003,75600,0.0023,0.0132,0.00029,0.00026,0.0038,0.463,0.0021,0.006,0.014,0.034,0.0084,0.006,0.0029,0,0,6,0,0,40,50,0,0,0,0,0,102,0,3105,132,0
7A06743             ,HRB400B    ,1645,0.00047,0.001,0.00021,0.00022,0.002,73900,0.0023,0.013,0.00028,0.00025,0.0038,0.46,0.0023,0.006,0.013,0.034,0.0044,0.0022,0.003,0,0,5,0,0,40,50,0,0,0,0,0,80,0,1450,132,0
7A06742             ,HRB400B    ,1703,0.0004,0.0012,0.00021,0.00029,0.002,73800,0.0023,0.0128,0.00023,0.00029,0.0037,0.456,0.0021,0.006,0.012,0.035,0.0051,0.0028,0.0028,0,0,5,0,0,40,50,0,0,0,0,0,70,0,1500,132,0
7A06741             ,HRB400B    ,1674,0.00056,0.0012,0.00021,0.00023,0.003,66300,0.0023,0.0145,0.00023,0.00032,0.0039,0.486,0.0027,0.005,0.011,0.036,0.0052,0.0029,0.0033,0,0,5,0,0,40,50,0,0,0,0,0,58,0,1450,132,0
7A06740             ,HRB400B    ,1684,0.00041,0.001,0.00026,0.0003,0.003,72800,0.0023,0.0129,0.00028,0.00031,0.0036,0.458,0.0024,0.007,0.012,0.032,0.0052,0.0029,0.0026,0,0,5,0,0,40,50,0,0,0,0,0,78,0,1450,132,0
7A06739             ,HRB400B    ,1686,0.001,0.0012,0.00032,0.00014,0.002,70000,0.0023,0.013,0.0003,0.0003,0.0036,0.46,0.0025,0.005,0.013,0.033,0.0045,0.0023,0.0032,0,0,5,0,0,40,0,0,0,0,0,0,40,0,1450,132,20
7A06738             ,HRB400B    ,1667,0.00045,0.001,0.00034,0.00028,0.002,71200,0.0023,0.013,0.00032,0.00028,0.0037,0.46,0.0024,0.007,0.012,0.033,0.0052,0.0029,0.0027,0,0,5,0,0,40,50,0,0,0,0,0,78,0,1480,132,0
7A06737             ,HRB400B    ,1651,0.0005,0.001,0.00029,0.00033,0.002,66600,0.0024,0.0128,0.0003,0.00034,0.0036,0.467,0.0027,0.007,0.014,0.032,0.0045,0.0022,0.0031,0,0,5,0,0,40,50,0,0,0,0,0,78,0,1450,132,0
7A06736             ,HRB400B    ,1666,0.00085,0.0011,0.00024,0.00023,0.002,74200,0.0023,0.0134,0.00029,0.00031,0.0038,0.467,0.0028,0.007,0.015,0.032,0.0057,0.0034,0.0027,0,0,5,0,0,40,25,0,0,0,0,0,51,0,1570,132,0
7A06735             ,HRB400B    ,1609,0.00062,0.0009,0.00029,0.00022,0.003,73100,0.0022,0.0132,0.00029,0.00023,0.0037,0.454,0.0024,0.007,0.014,0.033,0.0044,0.0021,0.0032,0,0,5,0,0,40,50,0,0,0,0,0,85,0,1580,132,0
7A06734             ,HRB400B    ,1656,0.00071,0.0011,0.00017,0.00016,0.003,73900,0.0024,0.0135,0.0003,0.00031,0.0039,0.479,0.0027,0.007,0.016,0.033,0.004,0.0018,0.0033,0,0,5,0,0,40,25,0,0,0,0,0,68,0,1580,132,0
7A06733             ,HRB400B    ,1655,0.00065,0.0011,0.00028,0.00029,0.002,72650,0.0023,0.0132,0.00031,0.00025,0.0038,0.464,0.0026,0.006,0.015,0.033,0.0039,0.0017,0.0033,0,0,4,0,0,40,25,0,0,0,0,0,68,0,1540,132,0
7A06732             ,HRB400B    ,1666,0.00078,0.0011,0.0003,0.00031,0.002,64700,0.0024,0.013,0.00035,0.00036,0.0038,0.471,0.0034,0.009,0.013,0.032,0.0044,0.0021,0.0017,0,0,4,0,0,40,25,0,0,0,0,0,68,0,1460,132,0
7A06731             ,HRB400B    ,1665,0.00097,0.0016,0.00027,0.00014,0.003,74600,0.0024,0.0125,0.00038,0.00022,0.0037,0.461,0.0023,0.008,0.011,0.033,0.0044,0.0022,0.0025,0,0,5,0,0,39,25,0,0,0,0,0,51,0,1520,132,0
7A06729             ,HRB400B    ,1691,0.00058,0.0011,0.00031,0.00023,0,71500,0.0023,0.0129,0.0003,0.00026,0.0036,0.457,0.0021,0.005,0.011,0.033,0.0045,0.0022,0.003,0,0,4,0,0,37,50,0,0,0,0,0,85,0,1420,132,0
7A06728             ,HRB400B    ,1725,0.00047,0.0011,0.00025,0.00026,0.004,79850,0.0024,0.013,0.00027,0.00042,0.0033,0.47,0.0027,0.006,0.012,0.032,0.0039,0.0017,0.0028,0,0,30,0,0,0,0,50,0,0,0,0,102,0,1520,132,0
7A06727             ,HRB400D    ,1703,0.00082,0.0013,0.00027,0.00031,0.002,67450,0.0022,0.0131,0.00029,0.00033,0.0037,0.452,0.0027,0.006,0.013,0.031,0.0062,0.0039,0.0029,0,0,7,0,0,28,25,0,0,0,0,0,51,0,1410,132,0
7A06726             ,HRB400D    ,1687,0.00066,0.0012,0.00025,0.00027,0.003,75150,0.0023,0.0132,0.00029,0.00029,0.0038,0.463,0.0027,0.006,0.014,0.03,0.0067,0.0044,0.0032,0,0,9,0,0,30,50,0,0,0,0,0,68,0,1520,132,0
7A06725             ,HRB400D    ,1665,0.00071,0.0008,0.0003,0.00018,0.002,76000,0.0024,0.0137,0.00027,0.00031,0.0039,0.482,0.0029,0.007,0.016,0.03,0.0059,0.0036,0.003,0,0,9,0,0,30,25,0,0,0,0,0,68,0,1580,132,0
7A06724             ,HRB400D    ,1639,0.00074,0.0011,0.00023,0.0002,0.002,73750,0.0023,0.0132,0.00027,0.00028,0.0038,0.465,0.0033,0.007,0.017,0.029,0.0046,0.0024,0.0033,0,0,9,0,0,28,25,0,0,0,0,0,68,0,1470,132,0
7A06723             ,HRB400B    ,1689,0.00073,0.0005,0.00025,0.00016,0.003,71300,0.0023,0.0133,0.00028,0.0002,0.0037,0.466,0.0023,0.01,0.019,0.034,0.0049,0.0027,0.0037,0,0,4,0,0,38,50,0,0,0,0,0,68,0,1480,132,0
7A06722             ,HRB400B    ,1653,0.00068,0.001,0.00026,0.00029,0.002,74450,0.0023,0.013,0.00028,0.00032,0.0037,0.462,0.0031,0.008,0.016,0.033,0.0046,0.0024,0.0035,0,0,4,0,0,39,50,0,0,0,0,0,68,0,1440,132,0
7A06721             ,HRB400B    ,1664,0.00072,0.0011,0.00027,0.00027,0.002,70500,0.0024,0.0128,0.0003,0.00028,0.0037,0.468,0.003,0.01,0.017,0.032,0.0052,0.0029,0.0036,0,0,4,0,0,38,50,0,0,0,0,0,68,0,1450,132,0
7A06720             ,HRB400B    ,1678,0.00068,0.0009,0.00029,0.00028,0.003,71550,0.0023,0.0129,0.00031,0.00031,0.0036,0.46,0.0033,0.01,0.014,0.033,0.005,0.0027,0.0034,0,0,4,0,0,38,50,0,0,0,0,0,68,0,1420,132,0
7A06719             ,HRB400B    ,1666,0.0007,0.001,0.00026,0.0002,0.002,72150,0.0024,0.0129,0.00029,0.00025,0.0036,0.471,0.003,0.008,0.017,0.032,0.0042,0.002,0.0042,0,0,4,0,0,38,25,0,0,0,0,0,68,0,1420,132,0
7A06717             ,HRB400B    ,1682,0.00067,0.0011,0.00022,0.00017,0.002,72000,0.0024,0.0135,0.00026,0.00029,0.0034,0.48,0.003,0.009,0.019,0.032,0.0053,0.003,0.0039,0,0,4,0,0,38,25,0,0,0,0,0,68,0,1400,132,0
7A06716             ,HRB400B    ,1674,0.00076,0.0012,0.00024,0.00019,0.002,73200,0.0024,0.013,0.00026,0.00022,0.0037,0.471,0.0028,0.008,0.015,0.034,0.0045,0.0023,0.0035,0,0,5,0,0,39,25,0,0,0,0,0,68,0,1440,132,0
7A06715             ,HRB400B    ,1804,0.00066,0.001,0.00027,0.00014,0.002,73200,0.0024,0.0131,0.00029,0.00019,0.0037,0.472,0.0024,0.006,0.015,0.034,0.0047,0.0025,0.0034,0,0,5,0,0,40,25,0,0,0,0,0,68,0,1440,132,0
7A06714             ,HRB400B    ,1673,0.00059,0.001,0.00034,0.0002,0.002,71350,0.0023,0.0133,0.00033,0.00022,0.0038,0.465,0.0023,0.005,0.013,0.032,0.0048,0.0025,0.0031,0,0,4,0,0,39,50,0,0,0,0,0,95,0,1440,132,0
7A06713             ,HRB400B    ,1682,0.00042,0.0013,0.00032,0.00038,0.002,71800,0.0024,0.0143,0.00032,0.00033,0.004,0.491,0.0021,0.006,0.015,0.034,0.0054,0.0032,0.0029,0,0,4,0,0,39,50,0,0,0,0,0,92,0,1600,132,0
7A06712             ,HRB400B    ,0,0.00054,0.0009,0.00029,0.00017,0.003,69350,0.0022,0.013,0.00031,0.00025,0.0035,0.45,0.0019,0.006,0.013,0.036,0.006,0.0037,0.0043,0,0,31,0,0,0,50,0,0,0,0,0,80,0,1390,132,0
7A06711             ,HRB400B    ,1672,0.00072,0.0012,0.0003,0.00023,0.003,73550,0.0023,0.0129,0.00028,0.00027,0.0037,0.459,0.0023,0.009,0.013,0.035,0.0059,0.0037,0.0037,0,0,4,0,0,39,25,0,0,0,0,0,68,0,1430,132,0
7A06709             ,Q345B      ,1683,0.00071,0.001,0.00029,0.00022,0,73000,0.0018,0.0132,0.00023,0.00026,0.003,0.411,0.0021,0.007,0.015,0.026,0.0052,0.0032,0.003,0,0,23,0,0,0,0,75,0,0,0,0,68,0,1470,0,0
7A06708             ,HRB400B    ,1657,0.00048,0.0011,0.00026,0.00033,0.003,72650,0.0024,0.0142,0.00029,0.00034,0.0041,0.49,0.0025,0.006,0.013,0.033,0.0047,0.0025,0.004,0,0,4,0,0,40,50,0,0,200,0,0,85,0,1300,132,0
7A06707             ,HRB400B    ,1679,0.00041,0.0012,0.00022,0.00033,0.003,73750,0.0024,0.0135,0.00029,0.00041,0.0036,0.478,0.0023,0.006,0.013,0.031,0.0054,0.0031,0.0031,0,0,4,0,0,40,50,0,0,200,0,0,85,0,1300,132,0
7A06703             ,Q345B      ,1677,0.0007,0.0013,0.00034,0.00026,0.002,75400,0.0017,0.0136,0.00028,0.00024,0.0032,0.41,0.0024,0.009,0.018,0.028,0.0056,0.0037,0.004,0,0,24,0,0,0,0,75,0,0,0,0,68,0,1530,0,0
7A06702             ,Q345B      ,1710,0.00077,0.0012,0.00029,0.00032,0.003,76250,0.0018,0.0142,0.00028,0.00032,0.0035,0.43,0.0026,0.006,0.014,0.028,0.0045,0.0025,0.004,0,0,23,0,0,0,0,75,0,0,0,0,68,0,1450,0,0
7A06701             ,HRB400B    ,1672,0.00051,0.0011,0.00027,0.00033,0.002,70000,0.0022,0.0134,0.00031,0.00027,0.0038,0.458,0.0026,0.006,0.016,0.035,0.0043,0.0021,0.004,0,0,4,0,0,40,25,0,0,0,0,0,75,0,1450,132,0
7A06700             ,HRB400B    ,1684,0.00065,0.0013,0.00027,0.00034,0.002,74600,0.0023,0.0138,0.00028,0.0004,0.0037,0.475,0.003,0.006,0.014,0.035,0.0088,0.0064,0.0041,0,0,5,0,0,40,25,0,0,0,0,0,68,0,1450,132,0
7A06699             ,HRB400B    ,1679,0.00084,0.0014,0.0002,0.00031,0.002,72600,0.0023,0.0141,0.00029,0.00033,0.004,0.48,0.0028,0.006,0.014,0.035,0.0046,0.0024,0.004,0,0,5,0,0,40,25,0,0,0,0,0,60,0,1500,132,0
7A06698             ,HRB400B    ,1686,0.00085,0.001,0.00025,0.00021,0.002,72250,0.0023,0.0132,0.00031,0.00036,0.0037,0.465,0.0032,0.006,0.014,0.034,0.0059,0.0036,0.0035,0,0,5,0,0,40,25,0,0,0,0,0,58,0,1500,132,0
7A06697             ,Q345B      ,1680,0.00065,0.0011,0.00032,0.00031,0.002,72200,0.0016,0.0138,0.00029,0.00037,0.003,0.403,0.0029,0.008,0.017,0.027,0.0044,0.0025,0.003,0,0,23,0,0,0,0,50,0,0,0,0,51,0,1450,0,0
7A06696             ,Q345B      ,1680,0.0007,0.0012,0.00028,0.00017,0.002,72200,0.0016,0.0136,0.00028,0.00028,0.0033,0.4,0.0028,0.007,0.015,0.026,0.0056,0.0036,0.004,0,0,21,0,0,0,0,50,0,0,0,0,51,0,1450,0,0
7A06695             ,HRB400B    ,1673,0.00061,0.0012,0.00032,0.00028,0.002,73050,0.0022,0.0134,0.00033,0.0003,0.0038,0.458,0.003,0.006,0.015,0.034,0.004,0.0018,0.0037,0,0,5,0,0,40,25,0,0,0,0,0,68,0,1450,132,0
7A06694             ,HRB400B    ,1672,0.00067,0.0011,0.00032,0.00028,0.002,75850,0.0024,0.0131,0.00031,0.00025,0.0035,0.471,0.0021,0.005,0.014,0.033,0.0038,0.0016,0.0035,0,0,5,0,0,40,25,0,0,0,0,0,68,0,1540,132,0
7A06693             ,HRB400B    ,1666,0.00035,0.0009,0.00032,0.0002,0.003,74300,0.0024,0.013,0.00031,0.00025,0.0036,0.471,0.0026,0.007,0.017,0.033,0.0038,0.0016,0.0037,0,0,5,0,0,40,50,0,0,0,0,0,85,0,1520,132,0
7A06692             ,HRB400B    ,1639,0.00037,0.001,0.00029,0.00024,0.002,71850,0.0023,0.0131,0.00032,0.00028,0.0036,0.463,0.0028,0.007,0.015,0.033,0.0038,0.0016,0.0037,0,0,4,0,0,40,50,0,0,0,0,0,82,0,1480,132,0
7A06691             ,Q345B      ,1656,0.00071,0.0011,0.00033,0.00019,0.002,72100,0.0017,0.0129,0.00028,0.00021,0.0031,0.397,0.002,0.008,0.017,0.026,0.0051,0.0032,0.004,0,0,23,0,0,0,0,125,0,0,0,0,85,0,1530,0,0
7A06690             ,Q345B      ,1802,0.00066,0.0009,0.00027,0.00021,0.002,71600,0.0018,0.0137,0.00027,0.00022,0.0035,0.42,0.0021,0.008,0.017,0.027,0.0062,0.0043,0.003,0,0,23,0,0,0,0,125,0,0,0,0,85,0,1520,0,0
7A06687             ,HRB400B    ,1672,0.00067,0.0011,0.00031,0.00026,0,72400,0.0024,0.0128,0.00034,0.00031,0.0035,0.47,0.0034,0.007,0.016,0.035,0.0037,0.0015,0.0031,0,0,4,0,0,38,50,0,0,200,0,0,68,0,1200,132,0
7A06686             ,HRB400B    ,1645,0.00069,0.0009,0.00039,0.00023,0.002,75050,0.0024,0.0128,0.00036,0.00026,0.0037,0.469,0.0034,0.01,0.015,0.032,0.0049,0.0027,0.0033,0,0,5,0,0,40,50,0,0,200,0,0,68,0,1240,132,0
7A06685             ,HRB400B    ,1663,0.0007,0.0008,0.00035,0.0002,0.002,73200,0.0023,0.0131,0.00035,0.00024,0.0037,0.463,0.0029,0.006,0.014,0.036,0.0037,0.0015,0.0041,0,0,5,0,0,39,25,0,0,200,0,0,68,0,1240,132,0
7A06684             ,HRB400B    ,1674,0.00079,0.0008,0.00038,0.00018,0.002,74800,0.0023,0.0129,0.00031,0.00022,0.0035,0.46,0.0031,0.011,0.014,0.034,0.1758,0.1405,0.004,0,0,11,0,0,32,25,0,0,200,0,0,64,0,1240,132,0
7A06683             ,HRB400B    ,1692,0.00047,0.0008,0.00029,0.00019,0.003,73700,0.0023,0.0134,0.00032,0.00027,0.0035,0.468,0.0026,0.011,0.015,0.036,0.0039,0.0017,0.0033,0,0,32,0,0,0,75,0,0,0,0,0,85,0,1570,132,0
7A06680             ,HRB400D    ,1668,0.00066,0.0009,0.00029,0.00015,0.002,74500,0.0023,0.0141,0.00033,0.00022,0.0039,0.48,0.003,0.008,0.017,0.033,0.0039,0.0017,0.0039,0,0,30,0,0,0,0,50,0,200,0,0,68,0,1420,132,0
7A06679             ,HRB400D    ,1664,0.00077,0.0008,0.00028,0.00014,0.002,69350,0.0025,0.0146,0.00031,0.0002,0.0043,0.51,0.0034,0.011,0.016,0.035,0.004,0.0018,0.0035,0,0,30,0,0,0,0,25,0,200,0,0,58,0,1320,132,0
7A06678             ,HRB400D    ,1664,0.00067,0.0008,0.00025,0.00016,0.002,73800,0.0024,0.0133,0.00028,0.00023,0.0036,0.476,0.0028,0.008,0.015,0.031,0.0054,0.0031,0.0034,0,0,9,0,0,30,0,50,0,200,0,0,85,0,1280,132,0
7A06677             ,HRB400D    ,1658,0.00088,0.0009,0.00028,0.00014,0.002,72550,0.0024,0.0133,0.00026,0.00017,0.0039,0.475,0.0028,0.007,0.016,0.03,0.006,0.0037,0.0035,0,0,9,0,0,30,25,0,0,200,0,0,54,0,1300,132,0
7A06676             ,HRB400D    ,1799,0.00067,0.0012,0.00029,0.00027,0.003,75250,0.0024,0.0131,0.00032,0.00029,0.0038,0.471,0.0027,0.006,0.013,0.03,0.006,0.0037,0.0034,0,0,8,0,0,30,50,0,0,200,0,0,68,0,1320,132,0
7A06675             ,HRB400D    ,1654,0.00067,0.001,0.00023,0.00023,0.003,77600,0.0024,0.0136,0.00028,0.00025,0.0039,0.48,0.0024,0.007,0.013,0.033,0.0048,0.0026,0.0032,0,0,10,0,0,32,25,0,0,200,0,0,68,0,1400,132,0
7A06674             ,HRB400D    ,1660,0.0005,0.0014,0.00029,0.00036,0.002,69050,0.0025,0.0141,0.00028,0.00036,0.0039,0.499,0.0026,0.006,0.013,0.033,0.0043,0.002,0.0035,0,0,9,0,0,28,50,0,0,200,0,0,95,0,1310,88,0
7A06673             ,HRB400D    ,1641,0.00069,0.0013,0.00027,0.00028,0.002,73450,0.0024,0.0138,0.00032,0.00035,0.0039,0.484,0.0027,0.004,0.014,0.032,0.1676,0.1335,0.0022,0,0,9,0,0,29,50,0,0,200,0,0,68,0,1340,132,0
7A06672             ,HRB400D    ,1686,0.0005,0.0011,0.00027,0.00027,0.002,74050,0.0023,0.0128,0.00029,0.00029,0.0036,0.456,0.0025,0.005,0.016,0.031,0.007,0.0044,0.002,0,0,9,0,0,28,50,0,0,200,0,0,85,0,1260,132,0
7A06669             ,HRB400D    ,1640,0.00064,0.0011,0.00038,0.0002,0.002,69200,0.0023,0.0137,0.00036,0.00026,0.0038,0.473,0.0028,0.007,0.018,0.033,0.0066,0.0041,0.0043,0,0,9,0,0,28,25,0,0,200,0,0,80,0,1300,132,0
7A06668             ,HRB400D    ,1651,0.0006,0.0011,0.00032,0.00017,0.002,69950,0.0024,0.0132,0.00034,0.00022,0.0037,0.474,0.0026,0.003,0.017,0.032,0.0108,0.0068,0.0038,0,0,9,0,0,28,25,0,0,200,0,0,80,0,1280,132,0
7A06667             ,HRB400D    ,1641,0.00069,0.0016,0.00033,0.0003,0.002,73200,0.0024,0.0138,0.00033,0.00033,0.0038,0.484,0.0029,0.007,0.015,0.031,0.0063,0.004,0.0029,0,0,9,0,0,28,25,0,0,200,0,0,80,0,1320,132,0
7A06666             ,HRB400D    ,1656,0.00056,0.0012,0.00026,0.00014,0.003,71550,0.0023,0.0137,0.00028,0.00021,0.0039,0.472,0.0026,0.007,0.016,0.032,0.2433,0.1909,0.0028,0,0,9,0,0,28,50,0,0,200,0,0,95,0,1310,132,0
7A06665             ,HRB400D    ,1638,0.00045,0.0013,0.00038,0.00048,0.003,70800,0.0023,0.0139,0.00034,0.00033,0.0037,0.474,0.0022,0.006,0.017,0.032,0.0062,0.0038,0.0021,0,0,9,0,0,28,50,0,0,200,0,0,95,0,1300,132,0
7A06664             ,HRB400D    ,1693,0.00072,0.0011,0.00032,0.00028,0.003,70900,0.0024,0.014,0.00033,0.00032,0.0039,0.487,0.0024,0.006,0.014,0.033,0.0069,0.0043,0.0034,0,0,9,0,0,28,25,0,0,200,0,0,80,0,1320,132,0
7A06663             ,HRB400D    ,1679,0.00053,0.001,0.0003,0.00022,0.002,73300,0.0023,0.0132,0.00036,0.00025,0.0038,0.464,0.0025,0.006,0.014,0.033,0.0069,0.0043,0.0054,0,0,9,0,0,28,50,0,0,200,0,0,85,0,1330,132,0
7A06662             ,HRB400D    ,1653,0.0007,0.0009,0.00038,0.00024,0.002,74550,0.0023,0.013,0.00037,0.00023,0.0033,0.458,0.0019,0.004,0.014,0.031,0.0062,0.0039,0.0014,0,0,9,0,0,28,50,0,0,200,0,0,75,0,1330,88,0
7A06661             ,HRB400D    ,1684,0.00072,0.0007,0.00026,0.00022,0.002,67050,0.0023,0.0133,0.00035,0.00024,0.0035,0.462,0.0016,0.004,0.01,0.032,0.0064,0.004,0.0011,0,0,8,0,0,27,25,0,0,0,0,0,68,0,1390,88,0
7A06660             ,HRB400D    ,1682,0.00066,0.0011,0.00024,0.00022,0.002,70850,0.0023,0.0132,0.00033,0.00022,0.0035,0.463,0.0023,0.004,0.017,0.034,0.0068,0.0042,0.0028,0,0,8,0,0,30,25,0,0,0,0,0,68,0,1505,88,0
7A06659             ,HRB400D    ,1691,0.00094,0.0013,0.00029,0.0002,0.002,71700,0.0023,0.0132,0.00035,0.00028,0.0034,0.463,0.0023,0.005,0.017,0.033,0.0062,0.0039,0.0012,0,0,9,0,0,30,0,0,0,0,0,0,51,0,1450,88,20
7A06658             ,HRB400D    ,1692,0.00063,0.0012,0.00035,0.00033,0.002,75400,0.0024,0.0132,0.00035,0.00033,0.0037,0.473,0.0027,0.005,0.018,0.03,0.0055,0.0034,0.0006,0,0,9,0,0,29,0,0,0,0,0,0,51,0,1503,88,20
7A06657             ,HRB400D    ,1666,0.00066,0.0013,0.00027,0.00026,0.002,72300,0.0024,0.0134,0.00035,0.00031,0.0037,0.477,0.0025,0.007,0.016,0.032,0.006,0.0038,0.003,0,0,9,0,0,29,25,0,0,0,0,0,85,0,1418,88,0
7A06656             ,HRB400D    ,1664,0.00069,0.0009,0.00034,0.00026,0.002,76300,0.0024,0.0131,0.00031,0.00028,0.0036,0.472,0.003,0.007,0.013,0.03,0.0054,0.0034,0.0019,0,0,9,0,0,29,25,0,0,0,0,0,85,0,1498,88,0
7A06655             ,HRB400D    ,1672,0.00061,0.0011,0.00034,0.00028,0.002,78150,0.0022,0.0137,0.0003,0.00028,0.0037,0.465,0.0035,0.009,0.019,0.034,0.0077,0.0048,0.0058,0,0,10,0,0,30,25,0,0,0,0,0,68,0,1580,88,0
7A06654             ,HRB400D    ,1657,0.00084,0.0011,0.00023,0.00022,0.002,78600,0.0023,0.0137,0.00033,0.00032,0.0037,0.474,0.0031,0.006,0.021,0.034,0.0069,0.0043,0.0027,0,0,10,0,0,30,0,0,0,0,0,0,51,0,1581,88,0
7A06653             ,HRB400D    ,1688,0.00074,0.0013,0.00029,0.00022,0.002,74600,0.0023,0.0132,0.00034,0.00027,0.0034,0.463,0.0024,0.005,0.017,0.033,0.0061,0.0038,0.0026,0,0,9,0,0,29,25,0,0,0,0,0,68,0,1568,88,0
7A06652             ,HRB400D    ,1672,0.00078,0.0013,0.00027,0.00028,0.002,72700,0.0023,0.0138,0.00037,0.00032,0.0038,0.474,0.0026,0.006,0.016,0.032,0.0061,0.0038,0.003,0,0,9,0,0,29,25,0,0,0,0,0,68,0,1513,88,0
7A06651             ,HRB400D    ,1693,0.00079,0.0009,0.00031,0.00026,0.003,76100,0.0022,0.0134,0.00037,0.00033,0.0036,0.459,0.0031,0.007,0.02,0.032,0.0063,0.0039,0.0036,0,0,9,0,0,29,25,0,0,0,0,0,68,0,1579,88,0
7A06650             ,HRB400D    ,1662,0.00068,0.0009,0.0004,0.00027,0.002,72200,0.0023,0.0139,0.00036,0.00034,0.0036,0.478,0.0033,0.007,0.022,0.032,0.1211,0.0977,0.0049,0,0,9,0,0,29,25,0,0,0,0,0,85,0,1550,88,0
7A06649             ,HRB400D    ,1696,0.00035,0.0008,0.00032,0.00027,0.002,73450,0.0024,0.0137,0.00033,0.0003,0.0035,0.483,0.0025,0.007,0.021,0.033,0.0408,0.035,0.0034,0,0,28,0,0,0,75,0,0,0,0,0,102,0,1560,132,0
7A06648             ,HRB400B    ,1660,0.00063,0.0009,0.00032,0.0003,0.002,75900,0.0023,0.0132,0.00033,0.00027,0.0035,0.465,0.0026,0.006,0.019,0.033,0.006,0.0038,0.0027,0,0,31,0,0,0,0,50,0,0,0,0,85,0,1550,132,0
7A06647             ,HRB400B    ,1658,0.00057,0.0008,0.00034,0.00018,0.002,74600,0.0023,0.0139,0.00033,0.00022,0.004,0.476,0.0024,0.006,0.02,0.034,0.0065,0.0041,0.0027,0,0,31,0,0,0,0,75,0,0,0,0,102,0,1584,88,0
7A06646             ,HRB400B    ,1655,0.00096,0.0009,0.00023,0.00014,0.002,73300,0.0024,0.0135,0.00036,0.00023,0.0042,0.48,0.003,0.006,0.021,0.035,0.0079,0.0056,0.0028,0,0,30,0,0,0,0,50,0,0,0,0,51,0,1450,132,0
7A06645             ,HRB400B    ,1675,0.00092,0.0011,0.00024,0.00022,0.002,71600,0.0024,0.0137,0.00034,0.00024,0.0042,0.483,0.0029,0.007,0.018,0.032,0.0068,0.0042,0.0023,0,0,30,0,0,0,0,50,0,0,0,0,51,0,1450,132,0
7A06644             ,HRB400B    ,1676,0.0004,0.0007,0.00038,0.00033,0.001,73500,0.0024,0.0129,0.00036,0.00036,0.0036,0.471,0.0031,0.009,0.019,0.035,0.0065,0.004,0.0027,0,0,0,0,0,48,50,0,0,0,0,0,85,0,1450,132,0
7A06643             ,HRB400B    ,1726,0.00028,0.0007,0.00034,0.00016,0.002,72500,0.0023,0.0132,0.00039,0.00025,0.0039,0.465,0.0026,0.008,0.019,0.036,0.0059,0.0037,0.0032,0,0,32,0,0,0,75,0,0,0,0,0,90,0,1500,132,0
7A06642             ,HRB500D    ,1656,0.00089,0.0009,0.00033,0.00014,0.002,70250,0.0022,0.0144,0.00035,0.0002,0.0048,0.485,0.0029,0.004,0.018,0.082,0.0063,0.0039,0.0042,0,0,76,0,0,0,0,25,0,0,0,120,85,0,1550,0,0
7A06641             ,HRB500D    ,1692,0.00069,0.0008,0.00024,0.00015,0.002,73800,0.0022,0.0147,0.0004,0.00025,0.0048,0.49,0.0027,0.006,0.016,0.085,0.0076,0.0048,0.0069,0,0,80,0,0,0,0,50,0,0,0,120,102,0,1600,0,0
7A06640             ,HRB500D    ,1651,0.00104,0.0009,0.00036,0.00014,0.002,69400,0.0022,0.0141,0.00033,0.00018,0.0046,0.48,0.0025,0.008,0.017,0.08,0.0072,0.0045,0.0054,0,0,73,0,0,0,0,25,0,0,0,120,70,0,1480,0,0
7A06639             ,HRB500D    ,1650,0.00078,0.0008,0.00031,0.00011,0.002,68200,0.0023,0.0144,0.0003,0.00018,0.0047,0.495,0.0024,0.005,0.017,0.086,0.0077,0.0048,0.0059,0,0,75,0,0,0,0,50,0,0,0,120,92,0,1520,0,0
7A06638             ,HRB500D    ,1659,0.00121,0.0011,0.00031,0.00021,0.002,243250,0.0022,0.0145,0.00031,0.00024,0.0046,0.488,0.0029,0.007,0.016,0.085,0.0072,0.0045,0.0048,0,120,77,0,0,0,0,25,0,0,0,0,58,0,1530,0,0
7A06637             ,HRB500D    ,1678,0.00124,0.0011,0.00035,0.00022,0.002,68800,0.0022,0.0146,0.00033,0.00025,0.0047,0.489,0.003,0.004,0.018,0.085,0.0071,0.0044,0.0055,0,0,76,0,0,0,0,25,0,0,0,120,58,0,1510,0,0
7A06636             ,HRB500D    ,1800,0.00089,0.0011,0.00037,0.0002,0.002,72750,0.0022,0.0149,0.00034,0.00024,0.0048,0.493,0.0033,0.006,0.019,0.073,0.0066,0.0041,0.0055,0,0,69,0,0,0,0,25,0,0,0,130,85,0,1650,0,0
7A06635             ,HRB500D    ,1655,0.00066,0.0008,0.00031,0.00011,0.002,72900,0.0024,0.0149,0.00032,0.00017,0.0049,0.511,0.0027,0.008,0.02,0.073,0.0068,0.0042,0.0035,0,0,69,0,0,0,0,50,0,0,0,130,105,0,1680,0,0
7A06634             ,HRB500D    ,1671,0.00127,0.0013,0.00031,0.00031,0.002,69400,0.0021,0.0144,0.00034,0.00034,0.0048,0.475,0.0031,0.003,0.017,0.085,0.0073,0.0045,0.0025,0,0,77,0,0,0,0,25,0,0,0,140,56,0,1550,0,0
7A06633             ,HRB500D    ,1662,0.00065,0.001,0.00037,0.00023,0.002,70500,0.0022,0.0145,0.00037,0.00026,0.0049,0.487,0.003,0.006,0.015,0.086,0.0067,0.0041,0.0045,0,0,78,0,0,0,0,50,0,0,0,150,102,0,1600,0,0
7A06631             ,HRB500D    ,1632,0.00031,0.0006,0.00042,0.00017,0.003,69100,0.0022,0.0148,0.00033,0.00019,0.0049,0.491,0.0024,0.008,0.024,0.083,0.008,0.005,0.0057,0,0,75,0,0,0,0,75,0,0,0,150,102,0,1600,0,0
7A06629             ,HRB500D    ,1660,0.0007,0.0008,0.00033,0.00015,0.002,72350,0.0022,0.0144,0.00033,0.00019,0.0049,0.485,0.0026,0.007,0.017,0.084,0.0072,0.0045,0.0062,0,0,78,0,0,0,0,50,0,0,0,150,85,0,1600,0,0
7A06628             ,HRB500D    ,1632,0.0007,0.0007,0.00038,0.00016,0.002,73050,0.0023,0.0144,0.00036,0.00021,0.0047,0.495,0.0027,0.006,0.02,0.082,0.0074,0.0046,0.0059,0,0,78,0,0,0,0,50,0,0,0,150,85,0,1600,0,0
7A06627             ,HRB500D    ,1663,0.0008,0.0009,0.00041,0.00018,0.002,74000,0.0022,0.0139,0.00037,0.00023,0.0047,0.479,0.0028,0.008,0.02,0.082,0.0061,0.0038,0.0076,0,0,78,0,0,0,0,25,0,0,0,150,85,0,1600,0,0
7A06625             ,HRB500D    ,1639,0.00074,0.0008,0.00039,0.00014,0.002,72800,0.0022,0.0147,0.0004,0.00018,0.005,0.49,0.0027,0.005,0.015,0.085,0.0082,0.0051,0.006,0,0,78,0,0,0,0,50,0,0,0,150,85,0,1600,0,0
7A06624             ,HRB500D    ,1655,0.00079,0.0007,0.00038,0.00014,0.002,72050,0.0021,0.014,0.00035,0.00018,0.0047,0.467,0.0024,0.004,0.015,0.084,0.0069,0.0043,0.0041,0,0,76,0,0,0,0,50,0,0,0,150,85,0,1560,0,0
7A06623             ,HRB500D    ,1672,0.00071,0.0009,0.00027,0.00016,0.002,74000,0.0022,0.0143,0.0003,0.0002,0.0049,0.484,0.0029,0.009,0.016,0.083,0.0069,0.0043,0.0069,0,0,77,0,0,0,0,50,0,0,0,160,85,0,1600,0,0
7A06622             ,HRB500D    ,1645,0.00054,0.0008,0.00038,0.00015,0.002,72950,0.0021,0.0139,0.00036,0.00019,0.0047,0.466,0.0029,0.005,0.016,0.081,0.0057,0.0036,0.0051,0,0,75,0,0,0,0,50,0,0,0,160,102,0,1560,0,0
7A06620             ,HRB500D    ,1672,0.00065,0.0012,0.00032,0.00028,0.002,74850,0.0022,0.0148,0.00031,0.00028,0.0051,0.492,0.003,0.004,0.015,0.083,0.0063,0.0039,0.0053,0,0,79,0,0,0,0,50,0,0,0,180,102,0,1620,0,0
