炉号,钢号,转炉终点温度,转炉终点C,转炉终点Mn,转炉终点S,转炉终点P,转炉终点Si,钢水净重,连铸正样C,连铸正样Mn,连铸正样S,连铸正样P,连铸正样Si,连铸正样Ceq_val,连铸正样Cr,连铸正样Ni_val,连铸正样Cu_val,连铸正样V_val,连铸正样Alt_val,连铸正样Als_val,连铸正样Mo_val,氮化钒铁FeV55N11-A,低铝硅铁,钒氮合金(进口),钒铁(FeV50-A),钒铁(FeV50-B),硅铝钙,硅铝合金FeAl30Si25,硅铝锰合金球,硅锰面（硅锰渣）,硅铁(合格块),硅铁FeSi75-B,石油焦增碳剂,锰硅合金FeMn64Si27(合格块),锰硅合金FeMn68Si18(合格块),碳化硅(55%),硅钙碳脱氧剂,C_Yield,Mn_Yield
7A06878             ,HRB400B    ,1644,0.00065,0.0011,0.0003,0.00014,0.004,74400,0.0023,0.0133,0.0003,0.00018999999999999998,0.0033,0.466,0.0027,0.008,0.021,0.033,0.0052,0.0029,0.0026,0,0,10,0,32,25,0,0,0,0,0,85,1547,0,88,0,0.9134050902467444,0.8836379778973683
7A06877             ,HRB400B    ,1543,0.0007700000000000001,0.0011,0.00039,0.00021,0.004,74200,0.0023,0.0137,0.0003,0.00027,0.0038,0.474,0.0033,0.009000000000000001,0.024,0.031,0.0082,0.0058,0.0029,0,0,4,0,40,25,0,0,0,0,0,68,1530,0,132,0,0.8665180820370342,0.9202693125442948
7A06876             ,HRB400B    ,1684,0.00035,0.0011,0.00023999999999999998,0.0002,0.004,78250,0.0023,0.013000000000000001,0.00027,0.00021,0.0035,0.46299999999999997,0.0034,0.009000000000000001,0.02,0.034,0.0052,0.0029,0.0028,0,0,4,0,40,75,0,0,0,0,0,90,0,1450,132,0,1.012027935851009,0.9671530951391774
7A06875             ,HRB400B    ,1674,0.00047999999999999996,0.0012,0.00036,0.0003,0.004,73600,0.0022,0.0131,0.00037999999999999997,0.00026000000000000003,0.0037,0.45399999999999996,0.0033,0.009000000000000001,0.023,0.033,0.0045,0.0023,0.004,0,0,4,0,40,50,0,0,0,0,0,85,0,1450,132,0,0.8672229301108418,0.9096800997091816
7A06874             ,HRB400B    ,1800,0.00036,0.0009,0.00028,0.00025,0.004,72400,0.0024,0.0133,0.00027,0.00025,0.0038,0.478,0.0037,0.01,0.019,0.034,0.0048,0.0026,0.0033,0,0,4,0,40,75,0,0,0,0,0,90,0,1450,132,0,0.9795853396474193,0.9324470294972995
7A06873             ,HRB400B    ,1660,0.00022,0.0007,0.00037999999999999997,0.00014,0.004,70350,0.0023,0.0132,0.00035,0.00016999999999999999,0.0037,0.465,0.0027,0.009000000000000001,0.023,0.033,0.0041,0.0019,0.0034,0,0,4,0,40,75,0,0,0,0,0,90,0,1450,132,0,0.9705121572684946,0.9133516825924387
7A06872             ,HRB400B    ,1654,0.0007,0.0012,0.0002,0.00013000000000000002,0.004,77800,0.0023,0.0128,0.00035,0.00028,0.0034,0.45799999999999996,0.003,0.008,0.02,0.032,0.0038,0.0016,0.0019,0,0,5,0,41,50,0,0,0,0,0,58,0,1500,132,0,1.029550787340032,0.9061044176706827
7A06871             ,HRB400B    ,1666,0.00063,0.0014,0.00025,0.00031,0.004,73050,0.0024,0.0134,0.00028,0.00026000000000000003,0.0038,0.478,0.003,0.009000000000000001,0.02,0.032,0.0044,0.0022,0.0029,0,0,4,0,40,50,0,0,0,0,0,80,0,1450,132,0,0.9158804029070508,0.9104694640631491
7A06870             ,HRB400B    ,1666,0.00106,0.0009,0.00022,0.00011999999999999999,0.004,74300,0.0022,0.0135,0.00031,0.00028,0.0038,0.46,0.003,0.008,0.02,0.034,0.0068,0.0044,0.0034,0,0,5,0,40,25,0,0,0,0,0,58,0,1580,132,0,0.6927795589871099,0.8923478725026688
7A06869             ,HRB400B    ,1658,0.00043,0.0011,0.00028,0.00021,0.004,74850,0.0024,0.0132,0.00028,0.00022,0.0036,0.474,0.0025,0.008,0.018000000000000002,0.033,0.005,0.0027,0.0022,0,0,5,0,41,75,0,0,220,0,0,85,0,1330,132,0,0.9984926572908053,0.8799893120870578
7A06868             ,HRB400B    ,1662,0.0005,0.0016,0.00022999999999999998,0.0003,0.004,81350,0.0023,0.0136,0.00022999999999999998,0.00033999999999999997,0.0037,0.47,0.0026,0.006999999999999999,0.015,0.031,0.0052,0.0029,0.0026,0,0,5,0,42,75,0,0,220,0,0,85,0,1490,132,0,0.9736024287201743,0.8597548087085182
7A06867             ,HRB400B    ,1660,0.00042,0.0013,0.00023999999999999998,0.00027,0.004,73850,0.0023,0.0135,0.00027,0.00031,0.0037,0.46799999999999997,0.0023,0.006999999999999999,0.019,0.033,0.0054,0.0031,0.0026,0,0,5,0,40,50,0,0,200,0,0,85,0,1590,132,0,0.91488856965879,0.7580349330282022
7A06866             ,HRB400B    ,1670,0.00072,0.0015,0.00027,0.00033,0.004,74200,0.0023,0.0135,0.00028,0.00027,0.0037,0.467,0.0021,0.006,0.011000000000000001,0.033,0.0055,0.0033,0.0025,0,0,4,0,40,25,0,0,220,0,0,68,0,1310,0,0,1.28247314415735,0.8764469643278998
7A06864             ,HRB400B    ,1655,0.00045999999999999996,0.001,0.00032,0.00041,0.003,70000,0.0022,0.0131,0.0003,0.00031,0.0039,0.452,0.0024,0.006999999999999999,0.016,0.032,0.0047,0.0024,0.003,0,0,4,0,39,75,0,0,0,0,0,85,0,1520,132,0,0.8276655008225692,0.8392121116043119
7A06862             ,HRB400B    ,1651,0.00041,0.0011,0.00037,0.00028,0.003,70000,0.0023,0.0131,0.00037,0.00029,0.0036,0.462,0.0025,0.005,0.015,0.032,0.004,0.0018,0.0027,0,0,5,0,40,50,0,0,200,0,0,93,0,1400,132,0,0.8469693477759853,0.7906626506024096
7A06861             ,HRB400B    ,1679,0.0004,0.0013,0.00021,0.00026000000000000003,0.003,70100,0.0024,0.0136,0.00027,0.00029,0.0037,0.48100000000000004,0.0027,0.006,0.017,0.033,0.0039,0.0017,0.0031,0,0,4,0,38,50,0,0,200,0,0,90,0,1300,132,0,0.9246935386214548,0.8656927710843373
7A06860             ,HRB400B    ,1618,0.00054,0.0012,0.00026000000000000003,0.00033,0.003,67400,0.0023,0.0131,0.00028,0.00022999999999999998,0.0036,0.462,0.0022,0.006,0.015,0.035,0.0054,0.0031,0.0039,0,0,7,0,44,50,0,0,200,0,0,102,0,1450,132,0,0.7158685482274673,0.732073749543629
7A06859             ,HRB400B    ,1643,0.00067,0.0011,0.00031,0.00018999999999999998,0.004,64700,0.0024,0.0129,0.00032,0.0002,0.0037,0.469,0.0025,0.005,0.017,0.033,0.0044,0.0022,0.0033,0,0,4,0,40,25,0,0,200,0,0,75,0,1270,132,0,0.8187237590883155,0.7821694943037455
7A06858             ,HRB400B    ,1662,0.00067,0.0012,0.00037999999999999997,0.00021,0.004,69800,0.0023,0.0131,0.00033,0.00035,0.0036,0.462,0.0026,0.006999999999999999,0.013999999999999999,0.034,0.0039,0.0017,0.0033,0,0,7,0,44,25,0,0,200,0,0,75,0,1430,132,0,0.8158977212749845,0.7674440091654963
7A06857             ,HRB400B    ,1661,0.00067,0.0014,0.00035,0.00035,0.003,63300,0.0023,0.013000000000000001,0.00029,0.00022999999999999998,0.0037,0.46,0.0024,0.006,0.018000000000000002,0.033,0.0043,0.0021,0.0034,0,0,4,0,40,25,0,0,200,0,0,75,0,1280,132,0,0.7537696151485929,0.7471914685770108
7A06856             ,HRB400B    ,1646,0.00067,0.0011,0.00035,0.00028,0.004,70100,0.0022,0.0129,0.00037,0.00029,0.0037,0.449,0.0027,0.005,0.015,0.033,0.0046,0.0023,0.0031,0,0,4,0,40,0,0,0,200,0,0,70,0,1340,132,0,0.8057834475297511,0.8089305273040213
7A06855             ,HRB400B    ,1645,0.0006799999999999999,0.0014,0.00026000000000000003,0.00032,0.003,67500,0.0022,0.0131,0.00039,0.00025,0.0038,0.452,0.0025,0.006,0.017,0.032,0.1953,0.1559,0.0036,0,0,4,0,40,25,0,0,200,0,0,68,0,1330,132,0,0.7831224143984611,0.7773742026931254
7A06854             ,HRB400B    ,1642,0.00033999999999999997,0.001,0.00033999999999999997,0.00022,0.003,70000,0.0024,0.013000000000000001,0.00037,0.00026000000000000003,0.0037,0.47,0.0025,0.005,0.015,0.032,0.004,0.0018,0.0032,0,0,4,0,40,50,0,0,200,0,0,93,0,1300,132,0,0.9333091699891265,0.8433734939759038
7A06853             ,HRB400B    ,1648,0.0009699999999999999,0.0015,0.00018,0.00029,0.003,68400,0.0024,0.0133,0.00035,0.00018999999999999998,0.0039,0.47600000000000003,0.0024,0.008,0.017,0.034,0.0047,0.0025,0.0031,0,0,4,0,38,25,0,0,200,0,0,51,0,1230,132,0,0.8656863838396711,0.8500294885837053
7A06852             ,HRB400B    ,1662,0.00067,0.0011,0.00041,0.00027,0.002,62900,0.0023,0.013000000000000001,0.00037999999999999997,0.00022,0.0037,0.46,0.0023,0.006999999999999999,0.016,0.032,0.0044,0.0022,0.0028,0,0,4,0,40,50,0,0,200,0,0,68,0,1310,132,0,0.7846013744126604,0.7465391366791669
7A06851             ,HRB400B    ,1689,0.0013800000000000002,0.0011,0.00016,0.00021,0.002,63500,0.0024,0.0133,0.00031,0.00022,0.0037,0.474,0.0021,0.005,0.013000000000000001,0.032,0.0045,0.0023,0.0034,0,0,4,0,40,0,0,0,200,0,0,34,0,1300,132,20,0.6326564039916892,0.7778112449799196
7A06850             ,HRB400B    ,1660,0.00065,0.0008,0.00029,0.00015,0.002,66400,0.0024,0.013000000000000001,0.00032,0.0002,0.0036,0.47,0.0024,0.008,0.01,0.033,0.0044,0.0022,0.0027,0,0,4,0,38,25,0,0,200,0,0,75,0,1250,132,0,0.8521073156566286,0.8413793103448277
7A06849             ,HRB400B    ,1652,0.0007099999999999999,0.0009,0.0003,0.00023999999999999998,0.003,71500,0.0024,0.0134,0.00032,0.00025,0.0036,0.47600000000000003,0.0023,0.008,0.01,0.031,0.0038,0.0016,0.0023,0,0,10,0,32,25,0,0,200,0,0,68,0,1350,132,0,0.920092408999674,0.8683929265448892
7A06848             ,HRB400B    ,1707,0.00085,0.0013,0.00028,0.00022,0.003,72800,0.0023,0.0135,0.00032,0.00033999999999999997,0.004,0.46799999999999997,0.0022,0.006,0.013000000000000001,0.034,0.0055,0.0032,0.0021,0,0,11,0,33,0,0,0,0,0,0,51,1553,0,132,20,0.8827773817143588,0.8612945018968339
7A06847             ,HRB400B    ,1668,0.00066,0.0009,0.00036,0.00023999999999999998,0.002,70000,0.0023,0.0132,0.00032,0.00029,0.0035,0.462,0.0018,0.006,0.012,0.034,0.0056,0.0033,0.0024,0,0,10,0,32,25,0,0,0,0,0,68,1545,0,132,0,0.8747053203112977,0.8392794478886418
7A06846             ,HRB400B    ,1677,0.00033999999999999997,0.0007,0.00043,0.00028,0.002,70600,0.0024,0.0135,0.0003,0.00025,0.0036,0.478,0.002,0.006,0.013000000000000001,0.034,0.004,0.0018,0.0023,0,0,10,0,32,50,0,0,0,0,0,85,1508,0,132,0,0.9897968628347736,0.9024959253459461
7A06845             ,HRB400B    ,1689,0.0007,0.0011,0.00039,0.00032,0.002,74400,0.0023,0.013000000000000001,0.00032,0.00029,0.0036,0.45899999999999996,0.0022,0.005,0.012,0.033,0.0055,0.0032,0.0027,0,0,10,0,32,25,0,0,0,0,0,68,1496,0,132,0,0.9128050351503552,0.8912924424972617
7A06836             ,HRB400B    ,1651,0.0003,0.0005,0.00043,0.00016,0.003,71750,0.0023,0.0135,0.00035,0.00029,0.0038,0.469,0.0017,0.01,0.025,0.038,0.0053,0.003,0.0035,0,0,4,0,40,75,0,0,0,0,0,85,0,1450,132,0,0.9830517763437325,0.9687889488990444
7A06835             ,HRB400B    ,1648,0.00066,0.0011,0.00029,0.00021,0.004,74750,0.0024,0.0128,0.0003,0.00022,0.0036,0.465,0.002,0.004,0.01,0.033,0.004,0.0017,0.0022,0,0,4,0,40,25,0,0,0,0,0,68,0,1450,132,0,1.0031699754731822,0.9083662235147486
7A06834             ,HRB400B    ,1677,0.00073,0.0013,0.00028,0.00032,0.003,71700,0.0024,0.0135,0.00028,0.00023999999999999998,0.0037,0.47700000000000004,0.0017,0.005,0.018000000000000002,0.032,0.0045,0.0023,0.0023,0,0,4,0,40,25,0,0,0,0,0,68,0,1480,132,0,0.919908730524569,0.89012129599479
7A06833             ,HRB400B    ,1656,0.00054,0.0014,0.00036,0.00033,0.002,76100,0.0023,0.0134,0.00037999999999999997,0.00032,0.0036,0.465,0.002,0.005,0.011000000000000001,0.033,0.0051,0.0028,0.0021,0,0,32,0,0,50,0,0,0,0,0,80,0,1530,132,0,0.94049575170283,0.8988896763524686
7A06832             ,HRB400B    ,1672,0.00049,0.0014,0.00037,0.00027,0.003,72250,0.0023,0.0128,0.00026000000000000003,0.00018,0.0035,0.45399999999999996,0.0012,0.006,0.011000000000000001,0.033,0.0053,0.003,0.0024,0,0,31,0,0,50,0,0,0,0,0,85,0,1540,132,0,0.8873151038132719,0.8054784071350337
7A06829             ,HRB400B    ,1678,0.00033,0.0009,0.00026000000000000003,0.00016,0.003,72600,0.0022,0.0132,0.00028,0.0002,0.0036,0.451,0.0017,0.006,0.011000000000000001,0.033,0.0056,0.0033,0.0027,0,0,5,0,38,50,0,0,0,0,0,85,0,1460,132,0,0.9289998891457243,0.9211297243769598
7A06828             ,HRB400B    ,1640,0.00101,0.001,0.00035,0.00011999999999999999,0.002,70500,0.0023,0.0134,0.00027,0.00016,0.0038,0.465,0.0016,0.005,0.01,0.034,0.0052,0.003,0.0034,0,0,5,0,38,0,0,0,0,0,0,51,0,1450,132,20,0.7717560214367596,0.907976734524304
7A06827             ,HRB400B    ,1651,0.00072,0.0006,0.00036,0.0001,0.002,70450,0.0024,0.0129,0.00032,0.00016999999999999999,0.0035,0.466,0.0014,0.006,0.011000000000000001,0.034,0.0053,0.0031,0.0026,0,0,5,0,38,25,0,0,0,0,0,68,0,1440,132,0,0.914102649257247,0.9062656877510039
7A06826             ,HRB400B    ,1656,0.0007599999999999999,0.0007,0.00044,0.00011999999999999999,0.002,71150,0.0023,0.0127,0.00033,0.00014,0.0035,0.45299999999999996,0.0016,0.006,0.01,0.034,0.0046,0.0024,0.0023,0,0,5,0,28,25,0,0,0,0,0,68,0,1460,132,0,0.8442383971251315,0.8807146393794356
7A06825             ,HRB400B    ,1661,0.0006900000000000001,0.0007,0.00033,0.00016,0.002,69950,0.0023,0.0133,0.00033,0.0002,0.0037,0.46299999999999997,0.0015,0.005,0.01,0.033,0.0055,0.0032,0.0035,0,0,10,0,30,25,0,0,0,0,0,68,0,1500,132,0,0.8631632598315361,0.8849096385542168
7A06824             ,HRB400B    ,1667,0.00073,0.001,0.00025,0.00018999999999999998,0.003,70300,0.0023,0.0133,0.00035,0.00022999999999999998,0.0035,0.46299999999999997,0.0016,0.004,0.011000000000000001,0.031,0.005,0.0027,0.0022,0,0,10,0,30,25,0,0,0,0,0,51,0,1400,132,0,0.9814855984277875,0.9301742685025818
7A06823             ,HRB400B    ,1693,0.00072,0.001,0.00026000000000000003,0.0002,0.003,69250,0.0024,0.0135,0.00027,0.00021,0.0039,0.478,0.002,0.004,0.01,0.034,0.0059,0.0036,0.0052,0,0,32,0,0,25,0,0,0,0,0,68,0,1420,132,0,0.9017206634630287,0.9180648650941795
7A06822             ,HRB400B    ,1656,0.00108,0.0013,0.00022999999999999998,0.00033,0.003,75200,0.0024,0.0133,0.00028,0.00029,0.0037,0.473,0.0021,0.005,0.01,0.03,0.0047,0.0024,0.0022,0,0,10,0,30,0,0,0,0,0,0,51,0,1430,132,20,0.8449665039935218,0.9503749262785406
7A06821             ,HRB400B    ,1672,0.0007700000000000001,0.0007,0.00023999999999999998,0.00016,0.003,72300,0.0024,0.0134,0.00028,0.00023999999999999998,0.0035,0.47600000000000003,0.0023,0.005,0.011000000000000001,0.033,0.0057,0.0034,0.0027,0,0,10,0,30,25,0,0,0,0,0,51,0,1460,132,0,1.038564239951354,0.9471550585905265
7A06820             ,HRB400B    ,1647,0.0008,0.0006,0.00032,0.00013000000000000002,0.003,70400,0.0023,0.0133,0.00033999999999999997,0.00018,0.0038,0.466,0.0026,0.006,0.015,0.035,0.0047,0.0025,0.004,0,0,10,0,30,25,0,0,0,0,0,51,0,1460,132,0,0.9306178562301164,0.9222644000660174
7A06819             ,HRB400B    ,1677,0.0007700000000000001,0.0008,0.00025,0.00022999999999999998,0.003,70450,0.0023,0.0131,0.00025,0.00023999999999999998,0.0035,0.461,0.002,0.005,0.012,0.033,0.0045,0.0023,0.0026,0,0,10,0,30,25,0,0,200,0,0,54,0,1260,132,0,0.9263920999028817,0.8938510892886614
7A06818             ,HRB400B    ,1683,0.00086,0.0009,0.00022999999999999998,0.00021,0.003,75200,0.0024,0.0131,0.00023999999999999998,0.00023999999999999998,0.0036,0.47100000000000003,0.0022,0.005,0.011000000000000001,0.033,0.0052,0.0029,0.0026,0,0,10,0,30,25,0,0,200,0,0,51,0,1300,132,0,1.0144980859022539,0.9211244979919679
7A06817             ,HRB400B    ,1618,0.00093,0.0006,0.00037,0.00016,0.003,71700,0.0024,0.0129,0.00033,0.00018999999999999998,0.0035,0.466,0.0018,0.005,0.012,0.034,0.0046,0.0024,0.0026,0,0,10,0,30,25,0,0,200,0,0,68,0,1280,132,0,0.8099329147871791,0.8974173721914686
7A06816             ,HRB400B    ,1805,0.0007700000000000001,0.0011,0.00027,0.00027,0.003,74050,0.0023,0.0131,0.00029,0.00029,0.0035,0.461,0.0023,0.005,0.011000000000000001,0.031,0.0046,0.0024,0.0025,0,0,10,0,30,25,0,0,200,0,0,51,0,1280,132,0,0.9954618540939962,0.9042250081406707
7A06815             ,HRB400B    ,1672,0.0007599999999999999,0.0008,0.00029,0.00018,0.003,72000,0.0024,0.0131,0.00031,0.00021,0.0036,0.47,0.0018,0.005,0.011000000000000001,0.031,0.004,0.0018,0.0025,0,0,9,0,29,25,0,0,200,0,0,54,0,1270,132,0,1.013389129238868,0.9073026801081877
7A06814             ,HRB400B    ,1647,0.00042,0.0009,0.00025,0.00018999999999999998,0.003,72900,0.0023,0.0133,0.00033999999999999997,0.00023999999999999998,0.0036,0.465,0.0023,0.006,0.012,0.033,0.0051,0.0028,0.0027,0,0,10,0,30,50,0,0,200,0,0,95,0,1330,88,0,0.953717041397883,0.8897944720056696
7A06813             ,HRB400B    ,1659,0.0008,0.0012,0.00023999999999999998,0.00026000000000000003,0.003,73150,0.0024,0.0135,0.00028,0.00029,0.0036,0.478,0.0023,0.006,0.011000000000000001,0.033,0.0046,0.0023,0.0026,0,0,10,0,32,25,0,0,200,0,0,75,0,1300,88,0,0.943877057271337,0.9033584337349397
7A06812             ,HRB400B    ,1672,0.00059,0.0011,0.00025,0.00025,0.003,74000,0.0023,0.0138,0.00027,0.00029,0.0036,0.474,0.0025,0.006,0.013000000000000001,0.034,0.0041,0.0019,0.0036,0,0,10,0,32,50,0,0,200,0,0,90,0,1370,88,0,0.906517123101214,0.9015041055943519
7A06811             ,HRB400B    ,1657,0.0005200000000000001,0.0009,0.00022999999999999998,0.00018,0.003,75650,0.0024,0.0134,0.00028,0.00022999999999999998,0.0039,0.475,0.0021,0.005,0.012,0.033,0.0047,0.0025,0.0029,0,0,10,0,33,50,0,0,200,0,0,93,0,1340,88,0,1.0018293589213472,0.9247623611328432
7A06810             ,HRB400B    ,1687,0.00119,0.0014,0.00026000000000000003,0.00021,0.003,68300,0.0023,0.0132,0.00023999999999999998,0.00025,0.0035,0.462,0.002,0.006,0.01,0.033,0.0052,0.0029,0.0028,0,0,10,0,30,0,0,0,200,0,0,40,0,1300,88,20,0.7988148702380186,0.8091767068273091
7A06809             ,HRB400B    ,1664,0.0010400000000000001,0.0014,0.00022,0.00021,0.003,72800,0.0022,0.0132,0.00025,0.00026000000000000003,0.0035,0.45299999999999996,0.0022,0.006,0.012,0.035,0.0047,0.0025,0.003,0,0,10,0,30,0,0,0,200,0,0,51,0,1270,88,20,0.8045973472875169,0.8800917957544463
7A06808             ,HRB400B    ,1669,0.0006900000000000001,0.0014,0.00023999999999999998,0.00026000000000000003,0.003,72000,0.0023,0.0134,0.00027,0.0003,0.0034,0.467,0.0024,0.006,0.012,0.036000000000000004,0.0038,0.0016,0.0031,0,0,10,0,31,25,0,0,200,0,0,80,0,1260,88,0,0.9048043142118748,0.8912361775870606
7A06807             ,HRB400B    ,1669,0.0007099999999999999,0.0013,0.00033,0.00027,0.003,72150,0.0022,0.0133,0.00027,0.0003,0.0034,0.455,0.0025,0.006999999999999999,0.011000000000000001,0.034,0.0046,0.0023,0.0028,0,0,10,0,30,25,0,0,200,0,0,80,0,1300,88,0,0.8346998672288092,0.8692771084337348
7A06805             ,HRB400B    ,1675,0.0006,0.0011,0.00027,0.00021,0.003,71050,0.0023,0.0135,0.00027,0.00025,0.0035,0.467,0.0021,0.005,0.011000000000000001,0.033,0.0048,0.0025,0.0025,10,0,0,0,31,25,0,0,200,0,0,85,0,1300,88,0,0.9041057336254575,0.8845582329317269
7A06804             ,HRB400B    ,1663,0.001,0.0016,0.00028,0.0002,0.004,71500,0.0022,0.0133,0.00032,0.00021,0.0035,0.455,0.0024,0.009000000000000001,0.012,0.034,0.0051,0.0028,0.0028,0,0,10,0,31,0,0,0,200,0,0,51,0,1300,88,20,0.8135018848861427,0.8399096385542169
7A06802             ,HRB400B    ,1657,0.0006900000000000001,0.0008,0.00032,0.00011999999999999999,0.003,77900,0.0022,0.0134,0.00031,0.0002,0.0035,0.456,0.0018,0.006999999999999999,0.011000000000000001,0.035,0.0051,0.0028,0.0023,0,0,11,0,33,25,0,0,200,0,0,75,0,1330,88,0,0.9447179114031307,0.9661587526576896
7A06801             ,HRB400B    ,1651,0.00078,0.0014,0.00036,0.00033999999999999997,0.003,67050,0.0024,0.0139,0.00026000000000000003,0.00016999999999999999,0.0038,0.484,0.0019,0.005,0.011000000000000001,0.034,0.0049,0.0027,0.0026,0,0,10,0,30,25,0,0,200,0,0,68,0,1310,88,0,0.9248827090588623,0.8359181760153194
7A06800             ,HRB400B    ,1624,0.00053,0.0009,0.00031,0.00018,0.003,74050,0.0023,0.013000000000000001,0.00028,0.00018,0.0033,0.45799999999999996,0.0017,0.005,0.011000000000000001,0.033,0.0051,0.0029,0.0018,0,0,10,0,32,50,0,0,200,0,0,102,0,1320,88,0,0.8722826955021723,0.8877665266328473
7A06799             ,HRB400B    ,1669,0.0014,0.001,0.00022999999999999998,0.00026000000000000003,0.003,73100,0.0023,0.0137,0.00026000000000000003,0.00028,0.0037,0.47100000000000003,0.0021,0.01,0.012,0.035,0.0068,0.0042,0.0016,0,0,10,0,32,0,0,0,300,0,0,34,1278,0,88,20,0.7271296813149339,0.8860250889489516
7A06798             ,HRB400B    ,1673,0.00063,0.0011,0.00023999999999999998,0.00025,0.002,73850,0.0023,0.013000000000000001,0.00029,0.00029,0.0034,0.45799999999999996,0.0019,0.005,0.011000000000000001,0.033,0.0053,0.0033,0.0,0,0,10,0,33,25,0,0,300,0,0,85,0,1200,88,0,0.9231091081515811,0.8823443775100401
7A06797             ,HRB400B    ,1682,0.0009699999999999999,0.0007,0.00026000000000000003,0.00016999999999999999,0.002,75150,0.0023,0.0131,0.00027,0.00027,0.0034,0.46,0.0018,0.006,0.012,0.033,0.0062,0.0039,0.0017,0,0,11,0,33,0,0,0,300,0,0,51,0,1270,88,20,0.9370311349776811,0.8938876525209116
7A06796             ,HRB400B    ,1672,0.0007099999999999999,0.0012,0.00021,0.00018,0.002,75900,0.0023,0.0131,0.00028,0.00022,0.0036,0.46,0.0017,0.006999999999999999,0.011000000000000001,0.034,0.0065,0.004,0.0005,0,0,12,0,33,25,0,0,300,0,0,85,1285,0,88,0,0.8936202352805276,0.8582056934362053
7A06795             ,HRB400B    ,1679,0.00061,0.0011,0.00033,0.00029,0.002,74000,0.0024,0.0133,0.00032,0.00029,0.0035,0.474,0.0023,0.009000000000000001,0.009000000000000001,0.034,0.0064,0.004,0.001,0,0,10,0,32,25,0,0,300,0,0,85,1215,0,88,0,0.9895841893642485,0.8974511909022227
7A06794             ,HRB400B    ,1682,0.00067,0.001,0.00037999999999999997,0.00013000000000000002,0.002,70450,0.0023,0.0129,0.00033999999999999997,0.0002,0.0035,0.457,0.0019,0.009000000000000001,0.009000000000000001,0.034,0.0064,0.004,0.0002,0,0,10,0,30,25,0,0,300,0,0,51,1124,0,88,0,1.1522410973199144,0.8866452467172058
7A06793             ,HRB400B    ,1682,0.00082,0.0006,0.00031,0.00014,0.002,75500,0.0023,0.0131,0.00031,0.00022999999999999998,0.0034,0.46,0.0018,0.006999999999999999,0.01,0.034,0.0057,0.0036,0.0,0,0,10,0,30,0,0,0,300,0,0,68,0,1213,88,20,0.915842738945372,0.9393987051975251
7A06792             ,HRB400B    ,1689,0.0009199999999999999,0.0012,0.00028,0.00027,0.002,75500,0.0024,0.0134,0.00028,0.00028,0.0033,0.475,0.0017,0.006,0.012,0.035,0.0058,0.0036,0.0,0,0,11,0,32,0,0,0,300,0,0,51,0,1220,88,20,1.0560134506574723,0.9126307863031071
7A06791             ,HRB400B    ,1667,0.0006900000000000001,0.001,0.00022,0.00016,0.002,77700,0.0023,0.0128,0.0003,0.00025,0.0033,0.45399999999999996,0.0015,0.006999999999999999,0.01,0.034,0.0051,0.0032,0.0,0,0,11,0,32,25,0,0,300,0,0,68,1230,0,88,0,1.0620413416510173,0.9024923222300968
7A06790             ,HRB400B    ,1656,0.0004,0.0008,0.00029,0.00011,0.002,73600,0.0024,0.013000000000000001,0.0003,0.00018,0.0034,0.46799999999999997,0.0014,0.006,0.011000000000000001,0.034,0.0053,0.0033,0.0003,0,0,11,0,32,50,0,0,300,0,0,85,1226,0,88,0,1.098169816444496,0.8861658955612752
7A06789             ,HRB400B    ,1647,0.00042,0.0008,0.00029,0.00016,0.003,74250,0.0023,0.0129,0.00032,0.00021,0.0035,0.457,0.0018,0.008,0.012,0.036000000000000004,0.0056,0.0035,0.0015,0,0,11,0,32,25,0,0,300,0,0,68,1252,0,88,0,1.1813322591128201,0.8718103729350392
7A06788             ,HRB400B    ,1720,0.00035,0.0009,0.00025,0.00026000000000000003,0.002,73200,0.0024,0.0133,0.00027,0.00025,0.0037,0.473,0.0015,0.009000000000000001,0.011000000000000001,0.036000000000000004,0.0065,0.004,0.0011,0,0,32,0,0,50,0,0,0,0,0,102,1544,0,88,0,0.9966261091334148,0.8853548910668579
7A06787             ,HRB400B    ,1655,0.00061,0.0009,0.00028,0.00016,0.002,74700,0.0024,0.0134,0.00029,0.0002,0.0038,0.474,0.0016,0.006,0.011000000000000001,0.032,0.0053,0.0033,0.0,0,0,9,0,29,25,0,0,200,0,0,68,0,1260,132,0,1.0302265430515005,0.9631849315068493
7A06786             ,HRB400B    ,1638,0.00101,0.0006,0.00044,0.00011,0.002,70800,0.0023,0.0131,0.00031,0.00015,0.0037,0.45799999999999996,0.0014,0.001,0.011000000000000001,0.032,0.0065,0.0041,0.0002,0,0,9,0,28,25,0,0,200,0,0,51,0,1320,132,0,0.7977513564882588,0.8768627140139506
7A06785             ,HRB400B    ,1678,0.0007599999999999999,0.0009,0.00027,0.00015,0.003,68500,0.0023,0.0132,0.00032,0.00021,0.0039,0.46,0.0015,0.0,0.009000000000000001,0.032,0.0052,0.0033,0.0,0,0,9,0,28,25,0,0,200,0,0,68,0,1200,132,0,0.8192329078613433,0.9063575731497417
7A06784             ,HRB400B    ,1664,0.00075,0.0011,0.00029,0.00022,0.003,72900,0.0022,0.0132,0.00026000000000000003,0.00022999999999999998,0.0038,0.451,0.0015,0.0,0.012,0.033,0.0054,0.0034,0.0,0,0,4,0,38,25,0,0,200,0,0,68,0,1290,132,0,0.8110702398106926,0.8915763726045118
7A06783             ,HRB400B    ,1687,0.00078,0.0013,0.00026000000000000003,0.00033,0.003,74000,0.0022,0.0133,0.00025,0.0003,0.0037,0.45299999999999996,0.002,0.0,0.012,0.035,0.0052,0.0032,0.0001,0,0,4,0,38,25,0,0,200,0,0,51,0,1290,132,0,0.9216913228743998,0.8975499312686989
7A06782             ,HRB400B    ,1671,0.0009400000000000001,0.0012,0.00022999999999999998,0.00028,0.003,72500,0.0024,0.0132,0.00025,0.00026000000000000003,0.0038,0.47100000000000003,0.0016,0.0,0.012,0.034,0.0063,0.0039,0.0,0,0,4,0,38,0,0,0,200,0,0,51,0,1270,132,20,0.8956551498419233,0.8913203835751167
7A06781             ,HRB400B    ,1667,0.0007700000000000001,0.0012,0.00033999999999999997,0.00032,0.005,72850,0.0024,0.0131,0.00033999999999999997,0.00033,0.0038,0.47,0.002,0.0,0.01,0.035,0.0053,0.0033,0.0,0,0,4,0,39,25,0,0,200,0,0,68,0,1290,132,0,0.9111078032914677,0.8762381741732028
7A06780             ,HRB400B    ,1670,0.0008,0.0011,0.00022999999999999998,0.00016999999999999999,0.003,74200,0.0024,0.0134,0.00027,0.00022999999999999998,0.0037,0.475,0.0017,0.002,0.01,0.034,0.006,0.0037,0.0,0,0,4,0,39,25,0,0,200,0,0,51,0,1300,132,0,1.039753584005731,0.9163253012048194
7A06779             ,HRB400B    ,1679,0.0007599999999999999,0.0013,0.00023999999999999998,0.00021,0.003,73800,0.0022,0.0132,0.00023999999999999998,0.00025,0.0035,0.451,0.0019,0.0,0.01,0.035,0.0057,0.0036,0.0,0,0,4,0,39,25,0,0,200,0,0,68,0,1280,132,0,0.8164663889078825,0.8936624877889938
7A06778             ,HRB400B    ,1654,0.0007,0.0007,0.0004,0.00011999999999999999,0.003,75400,0.0023,0.0128,0.00033,0.00016999999999999999,0.0035,0.45299999999999996,0.0013,0.001,0.01,0.035,0.0079,0.005,0.0,0,0,32,0,0,50,0,0,200,0,0,68,0,1320,132,0,0.9228886168910648,0.903951331642359
7A06777             ,HRB400B    ,1687,0.0007599999999999999,0.0011,0.00021,0.00021,0.003,70300,0.0021,0.013999999999999999,0.00023999999999999998,0.00028,0.0045,0.455,0.0016,0.0,0.01,0.035,0.0059,0.0037,0.0003,0,0,31,0,0,25,0,0,200,0,0,68,0,1320,132,0,0.7206395348837209,0.898531626506024
7A06776             ,HRB400B    ,1705,0.0007599999999999999,0.0013,0.00016999999999999999,0.00032,0.003,64200,0.0022,0.013999999999999999,0.00022,0.00035,0.0044,0.465,0.0019,0.0,0.01,0.036000000000000004,0.0073,0.0045,0.0004,0,0,33,0,0,25,0,0,200,0,0,68,0,1400,132,0,0.699939430648092,0.7674510542168673
7A06775             ,HRB400B    ,1653,0.00078,0.001,0.0002,0.00021,0.003,71750,0.0023,0.0137,0.00021,0.00023999999999999998,0.0041,0.47,0.0017,0.001,0.011000000000000001,0.035,0.0069,0.0043,0.0011,0,0,32,0,0,25,0,0,200,0,0,68,0,1340,132,0,0.8321379520830154,0.8911213033953999
7A06774             ,HRB400B    ,1694,0.00037999999999999997,0.0011,0.00016999999999999999,0.00022999999999999998,0.003,71450,0.0023,0.0137,0.00022,0.00033,0.0037,0.469,0.0013,0.002,0.01,0.037000000000000005,0.0061,0.0038,0.0007,0,0,32,0,0,0,75,0,0,0,0,85,0,1620,132,0,0.9205713307900593,0.8369310575635877
7A06773             ,HRB400B    ,1639,0.00063,0.001,0.00022,0.00018,0.003,72050,0.0022,0.013000000000000001,0.00023999999999999998,0.00021,0.0038,0.44799999999999995,0.0017,0.002,0.011000000000000001,0.034,0.0055,0.0034,0.0012,0,0,4,0,39,25,0,0,200,0,0,75,0,1260,132,0,0.8284587255540281,0.8918550915992739
7A06772             ,HRB400B    ,1652,0.00063,0.0011,0.00023999999999999998,0.00036,0.003,71500,0.0023,0.013000000000000001,0.00029,0.00035,0.0037,0.45899999999999996,0.002,0.002,0.011000000000000001,0.035,0.066,0.0549,0.0022,0,0,4,0,39,50,0,0,200,0,0,75,0,1220,132,0,0.8788768512500651,0.9023947904293229
7A06771             ,HRB400B    ,1645,0.0006,0.0008,0.00027,0.00022999999999999998,0.003,73400,0.0023,0.0136,0.00028,0.00022999999999999998,0.0038,0.47,0.0023,0.006,0.012,0.032,0.004,0.0018,0.0037,0,0,4,0,40,50,0,0,200,0,0,75,0,1330,132,0,0.90594914835843,0.9247972281281989
7A06770             ,HRB400B    ,1641,0.0005099999999999999,0.0007,0.00025,0.00014,0.003,68100,0.0024,0.0128,0.00028,0.00016999999999999999,0.0036,0.466,0.0017,0.005,0.011000000000000001,0.033,0.0051,0.0028,0.0034,0,0,4,0,41,50,0,0,200,0,0,85,0,1330,132,0,0.8735681644338051,0.8110973304984644
7A06769             ,HRB400B    ,1682,0.00065,0.0011,0.00022,0.0003,0.003,74850,0.0022,0.013000000000000001,0.00025,0.00031,0.0035,0.455,0.0028,0.02,0.015,0.032,0.004,0.0018,0.0131,0,0,4,0,40,25,0,0,200,0,0,75,0,1310,132,0,0.8444146032577843,0.8883697039814888
7A06768             ,HRB400B    ,1658,0.0007,0.001,0.00025,0.00035,0.003,74550,0.0023,0.0134,0.00028,0.00031,0.0037,0.466,0.0021,0.004,0.01,0.032,0.005,0.0028,0.0032,0,0,4,0,41,25,0,0,200,0,0,68,0,1340,132,0,0.9092357404043538,0.9040251916757942
7A06766             ,HRB400B    ,1688,0.00075,0.0012,0.00023999999999999998,0.00035,0.0,63500,0.0022,0.0133,0.00023999999999999998,0.00035,0.0037,0.455,0.0024,0.005,0.011000000000000001,0.031,0.0046,0.0024,0.0034,0,0,4,0,40,25,0,0,200,0,0,68,0,1300,132,0,0.7055339299944831,0.7714357429718874
7A06765             ,HRB400B    ,1666,0.0006,0.0009,0.00026000000000000003,0.00018,0.003,73350,0.0023,0.0129,0.00026000000000000003,0.00021,0.0037,0.457,0.0021,0.004,0.01,0.032,0.0044,0.0022,0.0026,0,0,4,0,40,25,0,0,200,0,0,95,0,1300,132,0,0.7971602823096199,0.8837349397590362
7A06763             ,HRB400B    ,1648,0.00053,0.0009,0.00022999999999999998,0.00013000000000000002,0.003,75800,0.0023,0.0131,0.00027,0.00018999999999999998,0.0037,0.46,0.0018,0.004,0.01,0.032,0.0046,0.0024,0.0029,0,0,4,0,40,50,0,0,200,0,0,80,0,1300,132,0,0.9446713231566496,0.9284738955823293
7A06761             ,HRB400B    ,1803,0.0004,0.0008,0.00025,0.00016,0.003,77200,0.0023,0.0129,0.0003,0.00022,0.0036,0.457,0.002,0.005,0.01,0.032,0.004,0.0018,0.0035,0,0,5,0,41,50,0,0,200,0,0,90,0,1300,132,0,0.9673732466030148,0.9378714859437751
7A06760             ,HRB400B    ,1802,0.00033999999999999997,0.0008,0.00027,0.00022,0.003,71900,0.0023,0.0129,0.0003,0.00023999999999999998,0.0037,0.457,0.0019,0.005,0.01,0.032,0.0053,0.003,0.0031,0,0,4,0,39,50,0,0,200,0,0,92,0,1300,132,0,0.917827106653667,0.8734839357429719
7A06759             ,HRB400B    ,1645,0.0004,0.0011,0.00033,0.00037,0.003,72200,0.0023,0.013000000000000001,0.00029,0.00022,0.0035,0.45799999999999996,0.0018,0.004,0.01,0.032,0.0038,0.0016,0.0027,0,0,4,0,39,50,0,0,200,0,0,93,0,1300,132,0,0.8878912679473064,0.8626305220883536
7A06758             ,HRB400B    ,1665,0.0007700000000000001,0.0011,0.00029,0.00015,0.003,72050,0.0024,0.0129,0.00031,0.00022,0.0037,0.467,0.0019,0.005,0.011000000000000001,0.032,0.0047,0.0024,0.0031,0,0,4,0,39,25,0,0,0,0,0,68,1460,0,88,0,1.0070364745941764,0.8769908400726193
7A06757             ,HRB400B    ,1655,0.00073,0.0012,0.00027,0.00023999999999999998,0.003,75100,0.0023,0.013000000000000001,0.00027,0.00022999999999999998,0.0038,0.45899999999999996,0.002,0.005,0.011000000000000001,0.033,0.0054,0.0031,0.0028,0,0,5,0,40,25,0,0,0,0,0,68,1503,0,88,0,1.004703676877849,0.8879630297637656
7A06756             ,HRB400B    ,1651,0.00063,0.0013,0.00026000000000000003,0.00025,0.003,74350,0.0024,0.0139,0.00028,0.00028,0.004,0.484,0.0022,0.005,0.012,0.032,0.0085,0.0061,0.0025,0,0,32,0,0,0,50,0,0,0,0,68,1596,0,132,0,0.9954651699332067,0.8839965123652503
7A06755             ,HRB400B    ,1672,0.001,0.0014,0.00025,0.0002,0.003,74250,0.0024,0.0134,0.00028,0.00027,0.0039,0.475,0.0019,0.004,0.009000000000000001,0.032,0.0081,0.0057,0.0025,0,0,31,0,0,0,25,0,0,0,0,34,1534,0,132,0,1.0562789917844964,0.8747506322552269
7A06754             ,HRB400B    ,1678,0.00086,0.0016,0.00027,0.00029,0.003,75800,0.0023,0.0128,0.00027,0.00028,0.0035,0.455,0.002,0.005,0.01,0.032,0.004,0.0018,0.0027,0,0,5,0,40,0,0,0,0,0,0,68,1538,0,88,20,0.8912997870195261,0.8313096338540116
7A06753             ,HRB400B    ,1679,0.00091,0.0012,0.00021,0.0003,0.003,78800,0.0024,0.0128,0.00026000000000000003,0.00025,0.0035,0.465,0.0019,0.006,0.01,0.032,0.0081,0.0057,0.0022,0,0,5,0,42,0,0,0,0,0,0,51,1547,0,132,20,0.9825021518095833,0.8898684589683882
7A06752             ,HRB400B    ,1673,0.0008300000000000001,0.0012,0.0003,0.00026000000000000003,0.003,68150,0.0024,0.0129,0.00029,0.00027,0.0037,0.467,0.0021,0.005,0.011000000000000001,0.032,0.0051,0.0028,0.0026,0,0,4,0,36,0,0,0,0,0,0,51,0,1348,132,20,0.9215690548121934,0.8908277769833042
7A06751             ,HRB400B    ,1675,0.00065,0.0009,0.00023999999999999998,0.00016999999999999999,0.003,75300,0.0023,0.0137,0.00032,0.00021,0.0042,0.47100000000000003,0.0022,0.006999999999999999,0.01,0.033,0.0039,0.0017,0.0033,0,0,31,0,0,0,50,0,0,0,0,85,0,1539,132,0,0.8420535411724839,0.9431879565043801
7A06750             ,HRB400B    ,1691,0.00074,0.0012,0.00023999999999999998,0.00023999999999999998,0.003,74300,0.0022,0.0136,0.00033999999999999997,0.00028,0.004,0.46,0.0025,0.006999999999999999,0.009000000000000001,0.032,0.005,0.0027,0.003,0,0,31,0,0,25,0,0,0,0,0,68,0,1470,88,0,0.9297848632896203,0.9438980411441684
7A06749             ,HRB400B    ,1661,0.00099,0.0011,0.0003,0.0002,0.002,76150,0.0024,0.013000000000000001,0.00033999999999999997,0.00023999999999999998,0.0035,0.469,0.0023,0.008,0.011000000000000001,0.032,0.0039,0.0017,0.0025,0,0,5,0,41,0,0,0,0,0,0,51,0,1531,88,20,1.0126716954223798,0.8914019894076634
7A06748             ,HRB400B    ,1678,0.00033,0.0008,0.00029,0.00016999999999999999,0.002,73500,0.0024,0.0132,0.00029,0.00025,0.0033,0.473,0.0021,0.005,0.013999999999999999,0.034,0.0048,0.0025,0.0035,0,0,5,0,40,25,0,0,0,0,0,68,0,1515,88,0,1.2942012096053894,0.9060002385780748
7A06747             ,HRB400B    ,1676,0.00039,0.0009,0.00026000000000000003,0.00025,0.002,75200,0.0023,0.0135,0.00028,0.00031,0.0035,0.467,0.002,0.006,0.012,0.033,0.0046,0.0024,0.0031,0,0,5,0,40,50,0,0,0,0,0,85,0,1600,88,0,1.0613933965889275,0.8918674698795179
7A06746             ,HRB400B    ,1672,0.00033,0.0009,0.00023999999999999998,0.0003,0.002,75950,0.0022,0.0134,0.00028,0.00031,0.0037,0.456,0.0023,0.006,0.013000000000000001,0.033,0.0045,0.0023,0.0032,0,0,5,0,41,50,0,0,0,0,0,102,0,1539,88,0,0.9430078062493815,0.9290328957154153
7A06745             ,HRB400B    ,1715,0.00022,0.0007,0.00026000000000000003,0.0003,0.003,70050,0.0022,0.0129,0.00029,0.00032,0.0036,0.447,0.002,0.005,0.013999999999999999,0.033,0.0045,0.0022,0.0028,0,0,30,0,0,50,0,0,0,0,0,102,0,1441,88,0,0.9320104557947009,0.8931736662123859
7A06743             ,HRB400B    ,1645,0.00047000000000000004,0.001,0.00021,0.00022,0.002,73900,0.0023,0.013000000000000001,0.00028,0.00025,0.0038,0.46,0.0023,0.006,0.013000000000000001,0.034,0.0044,0.0022,0.003,0,0,5,0,40,50,0,0,0,0,0,80,0,1450,132,0,0.9579455140464957,0.9210635646032406
7A06742             ,HRB400B    ,1703,0.0004,0.0012,0.00021,0.00029,0.002,73800,0.0023,0.0128,0.00022999999999999998,0.00029,0.0037,0.456,0.0021,0.006,0.012,0.035,0.0051,0.0028,0.0028,0,0,5,0,40,50,0,0,0,0,0,70,0,1500,132,0,1.0588715036549265,0.8595180722891568
7A06741             ,HRB400B    ,1674,0.00056,0.0012,0.00021,0.00022999999999999998,0.003,66300,0.0023,0.0145,0.00022999999999999998,0.00032,0.0039,0.486,0.0027,0.005,0.011000000000000001,0.036000000000000004,0.0052,0.0029,0.0033,0,0,5,0,40,50,0,0,0,0,0,58,0,1450,132,0,0.9609175870858114,0.9158599916909016
7A06740             ,HRB400B    ,1684,0.00041,0.001,0.00026000000000000003,0.0003,0.003,72800,0.0023,0.0129,0.00028,0.00031,0.0036,0.45799999999999996,0.0024,0.006999999999999999,0.012,0.032,0.0052,0.0029,0.0026,0,0,5,0,40,50,0,0,0,0,0,78,0,1450,132,0,0.9880649747942608,0.8997922725384295
7A06739             ,HRB400B    ,1686,0.001,0.0012,0.00032,0.00014,0.002,70000,0.0023,0.013000000000000001,0.0003,0.0003,0.0036,0.46,0.0025,0.005,0.013000000000000001,0.033,0.0045,0.0023,0.0032,0,0,5,0,40,0,0,0,0,0,0,40,0,1450,132,20,0.8481855425104752,0.8579144162858331
7A06738             ,HRB400B    ,1667,0.00045,0.001,0.00033999999999999997,0.00028,0.002,71200,0.0023,0.013000000000000001,0.00032,0.00028,0.0037,0.46,0.0024,0.006999999999999999,0.012,0.033,0.0052,0.0029,0.0027,0,0,5,0,40,50,0,0,0,0,0,78,0,1480,132,0,0.9424458372685385,0.8694236405079779
7A06737             ,HRB400B    ,1651,0.0005,0.001,0.00029,0.00033,0.002,66600,0.0024,0.0128,0.0003,0.00033999999999999997,0.0036,0.467,0.0027,0.006999999999999999,0.013999999999999999,0.032,0.0045,0.0022,0.0031,0,0,5,0,40,50,0,0,0,0,0,78,0,1450,132,0,0.9086992115127751,0.8162442874948067
7A06736             ,HRB400B    ,1666,0.00085,0.0011,0.00023999999999999998,0.00022999999999999998,0.002,74200,0.0023,0.0134,0.00029,0.00031,0.0038,0.467,0.0028,0.006999999999999999,0.015,0.032,0.0057,0.0034,0.0027,0,0,5,0,40,25,0,0,0,0,0,51,0,1570,132,0,0.9325324596529548,0.875470032998235
7A06735             ,HRB400B    ,1609,0.00062,0.0009,0.00029,0.00022,0.003,73100,0.0022,0.0132,0.00029,0.00022999999999999998,0.0037,0.45399999999999996,0.0024,0.006999999999999999,0.013999999999999999,0.033,0.0044,0.0021,0.0032,0,0,5,0,40,50,0,0,0,0,0,85,0,1580,132,0,0.7794228796631216,0.8570325606222357
7A06734             ,HRB400B    ,1656,0.0007099999999999999,0.0011,0.00016999999999999999,0.00016,0.003,73900,0.0024,0.0135,0.0003,0.00031,0.0039,0.479,0.0027,0.006999999999999999,0.016,0.033,0.004,0.0018,0.0033,0,0,5,0,40,25,0,0,0,0,0,68,0,1580,132,0,0.9471197597524722,0.8734558487113008
7A06733             ,HRB400B    ,1655,0.00065,0.0011,0.00028,0.00029,0.002,72650,0.0023,0.0132,0.00031,0.00025,0.0038,0.46399999999999997,0.0026,0.006,0.015,0.033,0.0039,0.0017,0.0033,0,0,4,0,40,25,0,0,0,0,0,68,0,1540,132,0,0.9137737833882181,0.85967082616179
7A06732             ,HRB400B    ,1666,0.00078,0.0011,0.0003,0.00031,0.002,64700,0.0024,0.013000000000000001,0.00035,0.00036,0.0038,0.47100000000000003,0.0034,0.009000000000000001,0.013000000000000001,0.032,0.0044,0.0021,0.0017,0,0,4,0,40,25,0,0,0,0,0,68,0,1460,132,0,0.8073545723440965,0.794200775705562
7A06731             ,HRB400B    ,1665,0.0009699999999999999,0.0016,0.00027,0.00014,0.003,74600,0.0024,0.0125,0.00037999999999999997,0.00022,0.0037,0.461,0.0023,0.008,0.011000000000000001,0.033,0.0044,0.0022,0.0025,0,0,5,0,39,25,0,0,0,0,0,51,0,1520,132,0,0.9315155574222695,0.8056634432466708
7A06729             ,HRB400B    ,1691,0.00058,0.0011,0.00031,0.00022999999999999998,0.0,71500,0.0023,0.0129,0.0003,0.00026000000000000003,0.0036,0.457,0.0021,0.005,0.011000000000000001,0.033,0.0045,0.0022,0.003,0,0,4,0,37,50,0,0,0,0,0,85,0,1420,132,0,0.8454866016704856,0.8948116409299169
7A06728             ,HRB400B    ,1725,0.00047000000000000004,0.0011,0.00025,0.00026000000000000003,0.004,79850,0.0024,0.013000000000000001,0.00027,0.00042,0.0033,0.47,0.0027,0.006,0.012,0.032,0.0039,0.0017,0.0028,0,0,30,0,0,0,50,0,0,0,0,102,0,1520,132,0,0.9423009899295001,0.9414780833861763
7A06727             ,HRB400D    ,1703,0.00082,0.0013,0.00027,0.00031,0.002,67450,0.0022,0.0131,0.00029,0.00033,0.0037,0.452,0.0027,0.006,0.013000000000000001,0.031,0.0062,0.0039,0.0029,0,0,7,0,28,25,0,0,0,0,0,51,0,1410,132,0,0.8265285463625323,0.850113218832778
7A06726             ,HRB400D    ,1687,0.00066,0.0012,0.00025,0.00027,0.003,75150,0.0023,0.0132,0.00029,0.00029,0.0038,0.46299999999999997,0.0027,0.006,0.013999999999999999,0.03,0.0067,0.0044,0.0032,0,0,9,0,30,50,0,0,0,0,0,68,0,1520,132,0,0.9421540672563126,0.8935082435003171
7A06725             ,HRB400D    ,1665,0.0007099999999999999,0.0008,0.0003,0.00018,0.002,76000,0.0024,0.0137,0.00027,0.00031,0.0039,0.48200000000000004,0.0029,0.006999999999999999,0.016,0.03,0.0059,0.0036,0.003,0,0,9,0,30,25,0,0,0,0,0,68,0,1580,132,0,0.9742628932057983,0.9344974836053073
7A06724             ,HRB400D    ,1639,0.00074,0.0011,0.00022999999999999998,0.0002,0.002,73750,0.0023,0.0132,0.00027,0.00028,0.0038,0.465,0.0033,0.006999999999999999,0.017,0.028999999999999998,0.0046,0.0024,0.0033,0,0,9,0,28,25,0,0,0,0,0,68,0,1470,132,0,0.8852941900693153,0.9142437095320055
7A06723             ,HRB400B    ,1689,0.00073,0.0005,0.00025,0.00016,0.003,71300,0.0023,0.0133,0.00028,0.0002,0.0037,0.466,0.0023,0.01,0.019,0.034,0.0049,0.0027,0.0037,0,0,4,0,38,50,0,0,0,0,0,68,0,1480,132,0,0.860040658339339,0.9286877238684467
7A06722             ,HRB400B    ,1653,0.0006799999999999999,0.001,0.00026000000000000003,0.00029,0.002,74450,0.0023,0.013000000000000001,0.00028,0.00032,0.0037,0.462,0.0031,0.008,0.016,0.033,0.0046,0.0024,0.0035,0,0,4,0,39,50,0,0,0,0,0,68,0,1440,132,0,0.9314810138020354,0.9343624497991968
7A06721             ,HRB400B    ,1664,0.00072,0.0011,0.00027,0.00027,0.002,70500,0.0024,0.0128,0.0003,0.00028,0.0037,0.46799999999999997,0.003,0.01,0.017,0.032,0.0052,0.0029,0.0036,0,0,4,0,38,50,0,0,0,0,0,68,0,1450,132,0,0.9135519461186383,0.8567199833818031
7A06720             ,HRB400B    ,1678,0.0006799999999999999,0.0009,0.00029,0.00028,0.003,71550,0.0023,0.0129,0.00031,0.00031,0.0036,0.46,0.0033,0.01,0.013999999999999999,0.033,0.005,0.0027,0.0034,0,0,4,0,38,50,0,0,0,0,0,68,0,1420,132,0,0.8975760776472884,0.9106142881384695
7A06719             ,HRB400B    ,1666,0.0007,0.001,0.00026000000000000003,0.0002,0.002,72150,0.0024,0.0129,0.00029,0.00025,0.0036,0.47100000000000003,0.003,0.008,0.017,0.032,0.0042,0.002,0.0042,0,0,4,0,38,25,0,0,0,0,0,68,0,1420,132,0,0.9497993616121694,0.9105983794332259
7A06717             ,HRB400B    ,1682,0.00067,0.0011,0.00022,0.00016999999999999999,0.002,72000,0.0024,0.0135,0.00026000000000000003,0.00029,0.0034,0.48,0.003,0.009000000000000001,0.019,0.032,0.0053,0.003,0.0039,0,0,4,0,38,25,0,0,0,0,0,68,0,1400,132,0,0.9670972640837031,0.9604130808950085
7A06716             ,HRB400B    ,1674,0.0007599999999999999,0.0012,0.00023999999999999998,0.00018999999999999998,0.002,73200,0.0024,0.013000000000000001,0.00026000000000000003,0.00022,0.0037,0.47100000000000003,0.0028,0.008,0.015,0.034,0.0045,0.0023,0.0035,0,0,5,0,39,25,0,0,0,0,0,68,0,1440,132,0,0.9271483284407195,0.9033634538152611
7A06715             ,HRB400B    ,1804,0.00066,0.001,0.00027,0.00014,0.002,73200,0.0024,0.0131,0.00029,0.00018999999999999998,0.0037,0.47200000000000003,0.0024,0.006,0.015,0.034,0.0047,0.0025,0.0034,0,0,5,0,40,25,0,0,0,0,0,68,0,1440,132,0,0.9836582125976953,0.9263303212851405
7A06714             ,HRB400B    ,1673,0.00059,0.001,0.00033999999999999997,0.0002,0.002,71350,0.0023,0.0133,0.00033,0.00022,0.0038,0.465,0.0023,0.005,0.013000000000000001,0.032,0.0048,0.0025,0.0031,0,0,4,0,39,50,0,0,0,0,0,95,0,1440,132,0,0.7851209355930371,0.9178432479919677
7A06713             ,HRB400B    ,1682,0.00042,0.0013,0.00032,0.00037999999999999997,0.002,71800,0.0024,0.0143,0.00032,0.00033,0.004,0.491,0.0021,0.006,0.015,0.034,0.0054,0.0032,0.0029,0,0,4,0,39,50,0,0,0,0,0,92,0,1600,132,0,0.915763822549341,0.8785768072289155
7A06711             ,HRB400B    ,1672,0.00072,0.0012,0.0003,0.00022999999999999998,0.003,73550,0.0023,0.0129,0.00028,0.00027,0.0037,0.45899999999999996,0.0023,0.009000000000000001,0.013000000000000001,0.035,0.0059,0.0037,0.0037,0,0,4,0,39,25,0,0,0,0,0,68,0,1430,132,0,0.8986790750045045,0.9062842278203723
7A06709             ,Q345B      ,1683,0.0007099999999999999,0.001,0.00029,0.00022,0.0,73000,0.0018,0.0132,0.00022999999999999998,0.00026000000000000003,0.003,0.41100000000000003,0.0021,0.006999999999999999,0.015,0.026000000000000002,0.0052,0.0032,0.003,0,0,23,0,0,0,75,0,0,0,0,68,0,1470,0,0,0.878736174841663,0.9124252110482747
7A06708             ,HRB400B    ,1657,0.00047999999999999996,0.0011,0.00026000000000000003,0.00033,0.003,72650,0.0024,0.0142,0.00029,0.00033999999999999997,0.0041,0.49,0.0025,0.006,0.013000000000000001,0.033,0.0047,0.0025,0.004,0,0,4,0,40,50,0,0,200,0,0,85,0,1300,132,0,0.9500354165531522,0.9555371485943777
7A06707             ,HRB400B    ,1679,0.00041,0.0012,0.00022,0.00033,0.003,73750,0.0024,0.0135,0.00029,0.00041,0.0036,0.478,0.0023,0.006,0.013000000000000001,0.031,0.0054,0.0031,0.0031,0,0,4,0,40,50,0,0,200,0,0,85,0,1300,132,0,0.9995811311502205,0.9107680722891566
7A06703             ,Q345B      ,1677,0.0007,0.0013,0.00033999999999999997,0.00026000000000000003,0.002,75400,0.0017,0.0136,0.00028,0.00023999999999999998,0.0032,0.41,0.0024,0.009000000000000001,0.018000000000000002,0.027999999999999997,0.0056,0.0037,0.004,0,0,24,0,0,0,75,0,0,0,0,68,0,1530,0,0,0.823409285741587,0.9128868414835813
7A06701             ,HRB400B    ,1672,0.0005099999999999999,0.0011,0.00027,0.00033,0.002,70000,0.0022,0.0134,0.00031,0.00027,0.0038,0.45799999999999996,0.0026,0.006,0.016,0.035,0.0043,0.0021,0.004,0,0,4,0,40,25,0,0,0,0,0,75,0,1450,132,0,0.8674674058104919,0.8942667220606564
7A06700             ,HRB400B    ,1684,0.00065,0.0013,0.00027,0.00033999999999999997,0.002,74600,0.0023,0.0138,0.00028,0.0004,0.0037,0.475,0.003,0.006,0.013999999999999999,0.035,0.0088,0.0064,0.0041,0,0,5,0,40,25,0,0,0,0,0,68,0,1450,132,0,0.9493729464574945,0.9685292895720814
7A06699             ,HRB400B    ,1679,0.00084,0.0014,0.0002,0.00031,0.002,72600,0.0023,0.0141,0.00029,0.00033,0.004,0.48,0.0028,0.006,0.013999999999999999,0.035,0.0046,0.0024,0.004,0,0,5,0,40,25,0,0,0,0,0,60,0,1500,132,0,0.8629909463948413,0.9257228915662651
7A06698             ,HRB400B    ,1686,0.00085,0.001,0.00025,0.00021,0.002,72250,0.0023,0.0132,0.00031,0.00036,0.0037,0.465,0.0032,0.006,0.013999999999999999,0.034,0.0059,0.0036,0.0035,0,0,5,0,40,25,0,0,0,0,0,58,0,1500,132,0,0.8664932508436447,0.8849899598393575
7A06697             ,Q345B      ,1680,0.00065,0.0011,0.00032,0.00031,0.002,72200,0.0016,0.0138,0.00029,0.00037,0.003,0.40299999999999997,0.0029,0.008,0.017,0.027000000000000003,0.0044,0.0025,0.003,0,0,23,0,0,0,50,0,0,0,0,51,0,1450,0,0,0.9294415762158355,0.9523680930619027
7A06696             ,Q345B      ,1680,0.0007,0.0012,0.00028,0.00016999999999999999,0.002,72200,0.0016,0.0136,0.00028,0.00028,0.0033,0.4,0.0028,0.006999999999999999,0.015,0.026000000000000002,0.0056,0.0036,0.004,0,0,21,0,0,0,50,0,0,0,0,51,0,1450,0,0,0.8805235985202653,0.9298712089738262
7A06695             ,HRB400B    ,1673,0.00061,0.0012,0.00032,0.00028,0.002,73050,0.0022,0.0134,0.00033,0.0003,0.0038,0.45799999999999996,0.003,0.006,0.015,0.034,0.004,0.0018,0.0037,0,0,5,0,40,25,0,0,0,0,0,68,0,1450,132,0,0.8958420102734973,0.9256439551308683
7A06694             ,HRB400B    ,1672,0.00067,0.0011,0.00032,0.00028,0.002,75850,0.0024,0.0131,0.00031,0.00025,0.0035,0.47100000000000003,0.0021,0.005,0.013999999999999999,0.033,0.0038,0.0016,0.0035,0,0,5,0,40,25,0,0,0,0,0,68,0,1540,132,0,1.000278235150628,0.8901189172273509
7A06693             ,HRB400B    ,1666,0.00035,0.0009,0.00032,0.0002,0.003,74300,0.0024,0.013000000000000001,0.00031,0.00025,0.0036,0.47100000000000003,0.0026,0.006999999999999999,0.017,0.033,0.0038,0.0016,0.0037,0,0,5,0,40,50,0,0,0,0,0,85,0,1520,132,0,1.0350017667364302,0.8907637127457197
7A06692             ,HRB400B    ,1639,0.00037,0.001,0.00029,0.00023999999999999998,0.002,71850,0.0023,0.0131,0.00032,0.00028,0.0036,0.46299999999999997,0.0028,0.006999999999999999,0.015,0.033,0.0038,0.0016,0.0037,0,0,4,0,40,50,0,0,0,0,0,82,0,1480,132,0,0.9656451073786246,0.8846721344838815
7A06691             ,Q345B      ,1656,0.0007099999999999999,0.0011,0.00033,0.00018999999999999998,0.002,72100,0.0017,0.0129,0.00028,0.00021,0.0031,0.397,0.002,0.008,0.017,0.026000000000000002,0.0051,0.0032,0.004,0,0,23,0,0,0,125,0,0,0,0,85,0,1530,0,0,0.6604427378501537,0.8374478305378376
7A06690             ,Q345B      ,1802,0.00066,0.0009,0.00027,0.00021,0.002,71600,0.0018,0.0137,0.00027,0.00022,0.0035,0.42,0.0021,0.008,0.017,0.027000000000000003,0.0062,0.0043,0.003,0,0,23,0,0,0,125,0,0,0,0,85,0,1520,0,0,0.7564256423325533,0.9080532656943563
7A06687             ,HRB400B    ,1672,0.00067,0.0011,0.00031,0.00026000000000000003,0.0,72400,0.0024,0.0128,0.00033999999999999997,0.00031,0.0035,0.47,0.0034,0.006999999999999999,0.016,0.035,0.0037,0.0015,0.0031,0,0,4,0,38,50,0,0,200,0,0,68,0,1200,132,0,0.9724700266619459,0.9112306368330464
7A06686             ,HRB400B    ,1645,0.0006900000000000001,0.0009,0.00039,0.00022999999999999998,0.002,75050,0.0024,0.0128,0.00036,0.00026000000000000003,0.0037,0.469,0.0034,0.01,0.015,0.032,0.0049,0.0027,0.0033,0,0,5,0,40,50,0,0,200,0,0,68,0,1240,132,0,0.9911301782459606,0.9340434655287818
7A06685             ,HRB400B    ,1663,0.0007,0.0008,0.00035,0.0002,0.002,73200,0.0023,0.0131,0.00035,0.00023999999999999998,0.0037,0.46299999999999997,0.0029,0.006,0.013999999999999999,0.036000000000000004,0.0037,0.0015,0.0041,0,0,5,0,39,25,0,0,200,0,0,68,0,1240,132,0,0.9045349545763117,0.9416415662650603
7A06684             ,HRB400B    ,1674,0.00079,0.0008,0.00037999999999999997,0.00018,0.002,74800,0.0023,0.0129,0.00031,0.00022,0.0035,0.46,0.0031,0.011000000000000001,0.013999999999999999,0.034,0.1758,0.1405,0.004,0,0,11,0,32,25,0,0,200,0,0,64,0,1240,132,0,0.899130069288771,0.9465779785809905
7A06683             ,HRB400B    ,1692,0.00047000000000000004,0.0008,0.00029,0.00018999999999999998,0.003,73700,0.0023,0.0134,0.00032,0.00027,0.0035,0.46799999999999997,0.0026,0.011000000000000001,0.015,0.036000000000000004,0.0039,0.0017,0.0033,0,0,32,0,0,75,0,0,0,0,0,85,0,1570,132,0,0.9119683548583406,0.89077967922646
7A06680             ,HRB400D    ,1668,0.00066,0.0009,0.00029,0.00015,0.002,74500,0.0023,0.0141,0.00033,0.00022,0.0039,0.48,0.003,0.008,0.017,0.033,0.0039,0.0017,0.0039,0,0,30,0,0,0,50,0,200,0,0,68,0,1420,132,0,0.9213691584908789,0.9142124051762607
7A06679             ,HRB400D    ,1664,0.0007700000000000001,0.0008,0.00028,0.00014,0.002,69350,0.0025,0.0146,0.00031,0.0002,0.0043,0.51,0.0034,0.011000000000000001,0.016,0.035,0.004,0.0018,0.0035,0,0,30,0,0,0,25,0,200,0,0,58,0,1320,132,0,0.9897866161772408,0.948230421686747
7A06678             ,HRB400D    ,1664,0.00067,0.0008,0.00025,0.00016,0.002,73800,0.0024,0.0133,0.00028,0.00022999999999999998,0.0036,0.47600000000000003,0.0028,0.008,0.015,0.031,0.0054,0.0031,0.0034,0,0,9,0,30,0,50,0,200,0,0,85,0,1280,132,0,0.8706628477905072,0.938721100618691
7A06677             ,HRB400D    ,1658,0.00088,0.0009,0.00028,0.00014,0.002,72550,0.0024,0.0133,0.00026000000000000003,0.00016999999999999999,0.0039,0.475,0.0028,0.006999999999999999,0.016,0.03,0.006,0.0037,0.0035,0,0,9,0,30,25,0,0,200,0,0,54,0,1300,132,0,0.9422641477190192,0.9032329317269077
7A06676             ,HRB400D    ,1799,0.00067,0.0012,0.00029,0.00027,0.003,75250,0.0024,0.0131,0.00032,0.00029,0.0038,0.47100000000000003,0.0027,0.006,0.013000000000000001,0.03,0.006,0.0037,0.0034,0,0,8,0,30,50,0,0,200,0,0,68,0,1320,132,0,0.9951801426463732,0.8872413998097656
7A06675             ,HRB400D    ,1654,0.00067,0.001,0.00022999999999999998,0.00022999999999999998,0.003,77600,0.0024,0.0136,0.00028,0.00025,0.0039,0.48,0.0024,0.006999999999999999,0.013000000000000001,0.033,0.0048,0.0026,0.0032,0,0,10,0,32,25,0,0,200,0,0,68,0,1400,132,0,1.0156514792039897,0.9203313253012047
7A06674             ,HRB400D    ,1660,0.0005,0.0014,0.00029,0.00036,0.002,69050,0.0025,0.0141,0.00028,0.00036,0.0039,0.499,0.0026,0.006,0.013000000000000001,0.033,0.0043,0.002,0.0035,0,0,9,0,28,50,0,0,200,0,0,95,0,1310,88,0,0.9633306547021137,0.8746259873932817
7A06673             ,HRB400D    ,1641,0.0006900000000000001,0.0013,0.00027,0.00028,0.002,73450,0.0024,0.0138,0.00032,0.00035,0.0039,0.484,0.0027,0.004,0.013999999999999999,0.032,0.1676,0.1335,0.0022,0,0,9,0,29,50,0,0,200,0,0,68,0,1340,132,0,0.9576789612496843,0.897869073697387
7A06672             ,HRB400D    ,1686,0.0005,0.0011,0.00027,0.00027,0.002,74050,0.0023,0.0128,0.00029,0.00029,0.0036,0.456,0.0025,0.005,0.016,0.031,0.006999999999999999,0.0044,0.002,0,0,9,0,28,50,0,0,200,0,0,85,0,1260,132,0,0.9122778679705529,0.8936963607856081
7A06669             ,HRB400D    ,1640,0.00064,0.0011,0.00037999999999999997,0.0002,0.002,69200,0.0023,0.0137,0.00036,0.00026000000000000003,0.0038,0.473,0.0028,0.006999999999999999,0.018000000000000002,0.033,0.0066,0.0041,0.0043,0,0,9,0,28,25,0,0,200,0,0,80,0,1300,132,0,0.8090329523589515,0.8754216867469881
7A06668             ,HRB400D    ,1651,0.0006,0.0011,0.00032,0.00016999999999999999,0.002,69950,0.0024,0.0132,0.00033999999999999997,0.00022,0.0037,0.474,0.0026,0.003,0.017,0.032,0.0108,0.0068,0.0038,0,0,9,0,28,25,0,0,200,0,0,80,0,1280,132,0,0.8889011258990671,0.8612778817974601
7A06667             ,HRB400D    ,1641,0.0006900000000000001,0.0016,0.00033,0.0003,0.002,73200,0.0024,0.0138,0.00033,0.00033,0.0038,0.484,0.0029,0.006999999999999999,0.015,0.031,0.0063,0.004,0.0029,0,0,9,0,28,25,0,0,200,0,0,80,0,1320,132,0,0.8794689404946922,0.8848287888395688
7A06666             ,HRB400D    ,1656,0.00056,0.0012,0.00026000000000000003,0.00014,0.003,71550,0.0023,0.0137,0.00028,0.00021,0.0039,0.47200000000000003,0.0026,0.006999999999999999,0.016,0.032,0.2433,0.1909,0.0028,0,0,9,0,28,50,0,0,200,0,0,95,0,1310,132,0,0.7952193708609271,0.892020067023059
7A06665             ,HRB400D    ,1638,0.00045,0.0013,0.00037999999999999997,0.00047999999999999996,0.003,70800,0.0023,0.0139,0.00033999999999999997,0.00033,0.0037,0.474,0.0022,0.006,0.017,0.032,0.0062,0.0038,0.0021,0,0,9,0,28,50,0,0,200,0,0,95,0,1300,132,0,0.8375387181015278,0.8956626506024096
7A06664             ,HRB400D    ,1693,0.00072,0.0011,0.00032,0.00028,0.003,70900,0.0024,0.013999999999999999,0.00033,0.00032,0.0039,0.48700000000000004,0.0024,0.006,0.013999999999999999,0.033,0.0069,0.0043,0.0034,0,0,9,0,28,25,0,0,200,0,0,80,0,1320,132,0,0.8368908736794475,0.9062004597336715
7A06663             ,HRB400D    ,1679,0.00053,0.001,0.0003,0.00022,0.002,73300,0.0023,0.0132,0.00036,0.00025,0.0038,0.46399999999999997,0.0025,0.006,0.013999999999999999,0.033,0.0069,0.0043,0.0054,0,0,9,0,28,50,0,0,200,0,0,85,0,1330,132,0,0.880813432471038,0.8802464761004802
7A06662             ,HRB400D    ,1653,0.0007,0.0009,0.00037999999999999997,0.00023999999999999998,0.002,74550,0.0023,0.013000000000000001,0.00037,0.00022999999999999998,0.0033,0.45799999999999996,0.0019,0.004,0.013999999999999999,0.031,0.0062,0.0039,0.0014,0,0,9,0,28,50,0,0,200,0,0,75,0,1330,88,0,0.9580969149407856,0.8879193243562485
7A06661             ,HRB400D    ,1684,0.00072,0.0007,0.00026000000000000003,0.00022,0.002,67050,0.0023,0.0133,0.00035,0.00023999999999999998,0.0035,0.462,0.0016,0.004,0.01,0.032,0.0064,0.004,0.0011,0,0,8,0,27,25,0,0,0,0,0,68,0,1390,88,0,0.9180657176258322,0.9153484441362572
7A06660             ,HRB400D    ,1682,0.00066,0.0011,0.00023999999999999998,0.00022,0.002,70850,0.0023,0.0132,0.00033,0.00022,0.0035,0.46299999999999997,0.0023,0.004,0.017,0.034,0.0068,0.0042,0.0028,0,0,8,0,30,25,0,0,0,0,0,68,0,1505,88,0,0.9900816305663012,0.8578683504783253
7A06659             ,HRB400D    ,1691,0.0009400000000000001,0.0013,0.00029,0.0002,0.002,71700,0.0023,0.0132,0.00035,0.00028,0.0034,0.46299999999999997,0.0023,0.005,0.017,0.033,0.0062,0.0039,0.0012,0,0,9,0,30,0,0,0,0,0,0,51,0,1450,88,20,0.9320869781418002,0.8861965101786454
7A06658             ,HRB400D    ,1692,0.00063,0.0012,0.00035,0.00033,0.002,75400,0.0024,0.0132,0.00035,0.00033,0.0037,0.473,0.0027,0.005,0.018000000000000002,0.03,0.0055,0.0034,0.0006,0,0,9,0,29,0,0,0,0,0,0,51,0,1503,88,20,1.264827949238749,0.9066204939518552
7A06657             ,HRB400D    ,1666,0.00066,0.0013,0.00027,0.00026000000000000003,0.002,72300,0.0024,0.0134,0.00035,0.00031,0.0037,0.47700000000000004,0.0025,0.006999999999999999,0.016,0.032,0.006,0.0038,0.003,0,0,9,0,29,25,0,0,0,0,0,85,0,1418,88,0,0.9516331444469911,0.9291361496762792
7A06656             ,HRB400D    ,1664,0.0006900000000000001,0.0009,0.00033999999999999997,0.00026000000000000003,0.002,76300,0.0024,0.0131,0.00031,0.00028,0.0036,0.47200000000000003,0.003,0.006999999999999999,0.013000000000000001,0.03,0.0054,0.0034,0.0019,0,0,9,0,29,25,0,0,0,0,0,85,0,1498,88,0,0.97691678166221,0.935846188492287
7A06655             ,HRB400D    ,1672,0.00061,0.0011,0.00033999999999999997,0.00028,0.002,78150,0.0022,0.0137,0.0003,0.00028,0.0037,0.465,0.0035,0.009000000000000001,0.019,0.034,0.0077,0.0048,0.0058,0,0,10,0,30,25,0,0,0,0,0,68,0,1580,88,0,1.047419352119562,0.9385866249809363
7A06654             ,HRB400D    ,1657,0.00084,0.0011,0.00022999999999999998,0.00022,0.002,78600,0.0023,0.0137,0.00033,0.00032,0.0037,0.474,0.0031,0.006,0.021,0.034,0.0069,0.0043,0.0027,0,0,10,0,30,0,0,0,0,0,0,51,0,1581,88,0,1.12143066549399,0.9433940696371823
7A06653             ,HRB400D    ,1688,0.00074,0.0013,0.00029,0.00022,0.002,74600,0.0023,0.0132,0.00033999999999999997,0.00027,0.0034,0.46299999999999997,0.0024,0.005,0.017,0.033,0.0061,0.0038,0.0026,0,0,9,0,29,25,0,0,0,0,0,68,0,1568,88,0,0.9826904418712458,0.852651678141136
7A06652             ,HRB400D    ,1672,0.00078,0.0013,0.00027,0.00028,0.002,72700,0.0023,0.0138,0.00037,0.00032,0.0038,0.474,0.0026,0.006,0.016,0.032,0.0061,0.0038,0.003,0,0,9,0,29,25,0,0,0,0,0,68,0,1513,88,0,0.9405324157019821,0.9045600777200009
7A06651             ,HRB400D    ,1693,0.00079,0.0009,0.00031,0.00026000000000000003,0.003,76100,0.0022,0.0134,0.00037,0.00033,0.0036,0.45899999999999996,0.0031,0.006999999999999999,0.02,0.032,0.0063,0.0039,0.0036,0,0,9,0,29,25,0,0,0,0,0,68,0,1579,88,0,0.9046317896282784,0.9072865241841335
7A06650             ,HRB400D    ,1662,0.0006799999999999999,0.0009,0.0004,0.00027,0.002,72200,0.0023,0.0139,0.00036,0.00033999999999999997,0.0036,0.478,0.0033,0.006999999999999999,0.022000000000000002,0.032,0.1211,0.0977,0.0049,0,0,9,0,29,25,0,0,0,0,0,85,0,1550,88,0,0.8700095730508577,0.9119704624951417
7A06649             ,HRB400D    ,1696,0.00035,0.0008,0.00032,0.00027,0.002,73450,0.0024,0.0137,0.00033,0.0003,0.0035,0.483,0.0025,0.006999999999999999,0.021,0.033,0.0408,0.035,0.0034,0,0,28,0,0,75,0,0,0,0,0,102,0,1560,132,0,0.9179011216776394,0.9147213855421685
7A06648             ,HRB400B    ,1660,0.00063,0.0009,0.00032,0.0003,0.002,75900,0.0023,0.0132,0.00033,0.00027,0.0035,0.465,0.0026,0.006,0.019,0.033,0.006,0.0038,0.0027,0,0,31,0,0,0,50,0,0,0,0,85,0,1550,132,0,0.8579638140750117,0.9070831713952584
7A06647             ,HRB400B    ,1658,0.00057,0.0008,0.00033999999999999997,0.00018,0.002,74600,0.0023,0.0139,0.00033,0.00022,0.004,0.47600000000000003,0.0024,0.006,0.02,0.034,0.0065,0.0041,0.0027,0,0,31,0,0,0,75,0,0,0,0,102,0,1584,88,0,0.8517077645459435,0.929152214920287
7A06646             ,HRB400B    ,1655,0.0009599999999999999,0.0009,0.00022999999999999998,0.00014,0.002,73300,0.0024,0.0135,0.00036,0.00022999999999999998,0.0042,0.48,0.003,0.006,0.021,0.035,0.0079,0.0056,0.0028,0,0,30,0,0,0,50,0,0,0,0,51,0,1450,132,0,0.9308182756157569,0.9592646447860406
7A06645             ,HRB400B    ,1675,0.0009199999999999999,0.0011,0.00023999999999999998,0.00022,0.002,71600,0.0024,0.0137,0.00033999999999999997,0.00023999999999999998,0.0042,0.483,0.0029,0.006999999999999999,0.018000000000000002,0.032,0.0068,0.0042,0.0023,0,0,30,0,0,0,50,0,0,0,0,51,0,1450,132,0,0.9344868030018428,0.9370170336518487
7A06644             ,HRB400B    ,1676,0.0004,0.0007,0.00037999999999999997,0.00033,0.001,73500,0.0024,0.0129,0.00036,0.00036,0.0036,0.47100000000000003,0.0031,0.009000000000000001,0.019,0.035,0.0065,0.004,0.0027,0,0,0,0,48,50,0,0,0,0,0,85,0,1450,132,0,1.0068575906103336,0.9313460739509761
7A06643             ,HRB400B    ,1726,0.00028,0.0007,0.00033999999999999997,0.00016,0.002,72500,0.0023,0.0132,0.00039,0.00025,0.0039,0.465,0.0026,0.008,0.019,0.036000000000000004,0.0059,0.0037,0.0032,0,0,32,0,0,75,0,0,0,0,0,90,0,1500,132,0,0.9666666666666666,0.9098895582329317
7A06642             ,HRB500D    ,1656,0.0008900000000000001,0.0009,0.00033,0.00014,0.002,70250,0.0022,0.0144,0.00035,0.0002,0.0048,0.485,0.0029,0.004,0.018000000000000002,0.08199999999999999,0.0063,0.0039,0.0042,0,0,76,0,0,0,25,0,0,0,120,85,0,1550,0,0,0.8511961744615713,0.9214681305868635
7A06641             ,HRB500D    ,1692,0.0006900000000000001,0.0008,0.00023999999999999998,0.00015,0.002,73800,0.0022,0.0147,0.0004,0.00025,0.0048,0.49,0.0027,0.006,0.016,0.085,0.0076,0.0048,0.0069,0,0,80,0,0,0,50,0,0,0,120,102,0,1600,0,0,0.8888091307156701,0.9655685240963854
7A06640             ,HRB500D    ,1651,0.0010400000000000001,0.0009,0.00036,0.00014,0.002,69400,0.0022,0.0141,0.00033,0.00018,0.0046,0.48,0.0025,0.008,0.017,0.08,0.0072,0.0045,0.0054,0,0,73,0,0,0,25,0,0,0,120,70,0,1480,0,0,0.8700736553706816,0.9321882123086941
7A06639             ,HRB500D    ,1650,0.00078,0.0008,0.00031,0.00011,0.002,68200,0.0023,0.0144,0.0003,0.00018,0.0047,0.495,0.0024,0.005,0.017,0.086,0.0077,0.0048,0.0059,0,0,75,0,0,0,50,0,0,0,120,92,0,1520,0,0,0.906003373565579,0.9189917564996829
7A06637             ,HRB500D    ,1678,0.00124,0.0011,0.00035,0.00022,0.002,68800,0.0022,0.0146,0.00033,0.00025,0.0047,0.489,0.003,0.004,0.018000000000000002,0.085,0.0071,0.0044,0.0055,0,0,76,0,0,0,25,0,0,0,120,58,0,1510,0,0,0.810250811195417,0.9263544243197956
7A06636             ,HRB500D    ,1800,0.0008900000000000001,0.0011,0.00037,0.0002,0.002,72750,0.0022,0.0149,0.00033999999999999997,0.00023999999999999998,0.0048,0.493,0.0033,0.006,0.019,0.073,0.0066,0.0041,0.0055,0,0,69,0,0,0,25,0,0,0,130,85,0,1650,0,0,0.8677945575319952,0.9163472070098574
7A06635             ,HRB500D    ,1655,0.00066,0.0008,0.00031,0.00011,0.002,72900,0.0024,0.0149,0.00032,0.00016999999999999999,0.0049,0.511,0.0027,0.008,0.02,0.073,0.0068,0.0042,0.0035,0,0,69,0,0,0,50,0,0,0,130,105,0,1680,0,0,0.9785612343297971,0.9214447074010328
7A06634             ,HRB500D    ,1671,0.0012699999999999999,0.0013,0.00031,0.00031,0.002,69400,0.0021,0.0144,0.00033999999999999997,0.00033999999999999997,0.0048,0.475,0.0031,0.003,0.017,0.085,0.0073,0.0045,0.0025,0,0,77,0,0,0,25,0,0,0,140,56,0,1550,0,0,0.7174466760080958,0.8833462883793237
7A06633             ,HRB500D    ,1662,0.00065,0.001,0.00037,0.00022999999999999998,0.002,70500,0.0022,0.0145,0.00037,0.00026000000000000003,0.0049,0.48700000000000004,0.003,0.006,0.015,0.086,0.0067,0.0041,0.0045,0,0,78,0,0,0,50,0,0,0,150,102,0,1600,0,0,0.8714323309170078,0.8958490210843373
7A06631             ,HRB500D    ,1632,0.00031,0.0006,0.00042,0.00016999999999999999,0.003,69100,0.0022,0.0148,0.00033,0.00018999999999999998,0.0049,0.491,0.0024,0.008,0.024,0.083,0.008,0.005,0.0057,0,0,75,0,0,0,75,0,0,0,150,102,0,1600,0,0,1.040708260784681,0.9235881024096385
7A06629             ,HRB500D    ,1660,0.0007,0.0008,0.00033,0.00015,0.002,72350,0.0022,0.0144,0.00033,0.00018999999999999998,0.0049,0.485,0.0026,0.006999999999999999,0.017,0.084,0.0072,0.0045,0.0062,0,0,78,0,0,0,50,0,0,0,150,85,0,1600,0,0,0.9949393547677331,0.9261671686746986
7A06628             ,HRB500D    ,1632,0.0007,0.0007,0.00037999999999999997,0.00016,0.002,73050,0.0023,0.0144,0.00036,0.00021,0.0047,0.495,0.0027,0.006,0.02,0.08199999999999999,0.0074,0.0046,0.0059,0,0,78,0,0,0,50,0,0,0,150,85,0,1600,0,0,1.0715366209191672,0.942003953313253
7A06627             ,HRB500D    ,1663,0.0008,0.0009,0.00041,0.00018,0.002,74000,0.0022,0.0139,0.00037,0.00022999999999999998,0.0047,0.479,0.0028,0.008,0.02,0.08199999999999999,0.0061,0.0038,0.0076,0,0,78,0,0,0,25,0,0,0,150,85,0,1600,0,0,0.9506026141571889,0.905496987951807
7A06625             ,HRB500D    ,1639,0.00074,0.0008,0.00039,0.00014,0.002,72800,0.0022,0.0147,0.0004,0.00018,0.005,0.49,0.0027,0.005,0.015,0.085,0.0082,0.0051,0.006,0,0,78,0,0,0,50,0,0,0,150,85,0,1600,0,0,0.9744309066072591,0.9524849397590359
7A06624             ,HRB500D    ,1655,0.00079,0.0007,0.00037999999999999997,0.00014,0.002,72050,0.0021,0.013999999999999999,0.00035,0.00018,0.0047,0.467,0.0024,0.004,0.015,0.084,0.0069,0.0043,0.0041,0,0,76,0,0,0,50,0,0,0,150,85,0,1560,0,0,0.8707390425934295,0.9251090902069815
7A06623             ,HRB500D    ,1672,0.0007099999999999999,0.0009,0.00027,0.00016,0.002,74000,0.0022,0.0143,0.0003,0.0002,0.0049,0.484,0.0029,0.009000000000000001,0.016,0.083,0.0069,0.0043,0.0069,0,0,77,0,0,0,50,0,0,0,160,85,0,1600,0,0,1.0107899489379648,0.9333584337349397
7A06622             ,HRB500D    ,1645,0.00054,0.0008,0.00037999999999999997,0.00015,0.002,72950,0.0021,0.0139,0.00036,0.00018999999999999998,0.0047,0.466,0.0029,0.005,0.016,0.081,0.0057,0.0036,0.0051,0,0,75,0,0,0,50,0,0,0,160,102,0,1560,0,0,0.9124379625249552,0.9225797420451033
7A06620             ,HRB500D    ,1672,0.00065,0.0012,0.00032,0.00028,0.002,74850,0.0022,0.0148,0.00031,0.00028,0.0051,0.49200000000000005,0.003,0.004,0.015,0.083,0.0063,0.0039,0.0053,0,0,79,0,0,0,50,0,0,0,180,102,0,1620,0,0,0.9225676911454813,0.9463409192324854
